,cov,sleep
0,1.0,0.3
1,1.0,0.05
2,1.0,0.1
3,1.0,0.15
4,1.0,0.2
5,1.0,0.25
6,1.0,0.3
7,1.0,0.3
8,1.0,0.4
9,1.0,0.3
10,1.0,0.3
11,1.0,0.35
12,1.0,0.2
13,0.971893489361,0.25
14,0.971893489361,0.25
15,0.903106510639,0.25
16,0.896449685097,0.25
17,0.91678994894,0.2
18,0.900887548923,0.2
19,0.860576927662,0.25
20,0.975591719151,0.2
21,0.963017761707,0.25
22,0.89201182127,0.2
23,0.89201182127,0.25
24,0.922707080841,0.25
25,0.944526612759,0.25
26,0.922707080841,0.3
27,0.981508851051,0.25
28,1.0,0.25
29,1.0,0.25
30,1.0,0.25
31,1.0,0.2
32,1.0,0.25
33,0.919008851051,0.25
34,0.919008851051,0.25
35,0.919008851051,0.25
36,1.0,0.2
37,1.0,0.2
38,0.992233753204,0.25
39,0.992233753204,0.25
40,0.992233753204,0.25
41,0.992233753204,0.25
42,0.992233753204,0.25
43,0.971893489361,0.25
44,0.935650885105,0.25
45,0.935650885105,0.3
46,0.975591719151,0.2
47,0.901997029781,0.25
48,0.966346144676,0.2
49,0.966346144676,0.2
50,0.966346144676,0.25
51,1.0,0.2
52,0.957470417023,0.25
53,0.947115361691,0.25
54,0.947115361691,0.2
55,0.952292919159,0.25
56,0.952292919159,0.2
57,0.970784008503,0.25
58,0.965606510639,0.25
59,0.970784008503,0.25
60,0.965606510639,0.3
61,0.970784008503,0.3
62,1.0,0.25
63,0.992233753204,0.25
64,0.992233753204,0.2
65,0.964127242565,0.25
66,0.964127242565,0.2
67,0.964127242565,0.25
68,0.971893489361,0.25
69,0.971893489361,0.25
70,1.0,0.25
71,1.0,0.25
72,1.0,0.3
73,1.0,0.25
74,0.975591719151,0.25
75,0.975591719151,0.25
76,0.935281038284,0.2
77,0.923446774483,0.2
78,0.947855055332,0.2
79,0.947855055332,0.25
80,0.981508851051,0.25
81,0.973742604256,0.3
82,0.992233753204,0.25
83,0.963017761707,0.25
84,0.957840263844,0.2
85,0.884245574474,0.2
86,0.965606510639,0.2
87,0.970784008503,0.2
88,0.9375,0.25
89,0.971893489361,0.25
90,0.942677497864,0.25
91,0.918269217014,0.3
92,0.918269217014,0.35
93,0.919008851051,0.25
94,1.0,0.15
95,1.0,0.25
96,1.0,0.25
97,1.0,0.2
98,1.0,0.25
99,0.992233753204,0.25
100,0.973742604256,0.25
101,0.882396459579,0.25
102,0.957100570202,0.15
103,0.957100570202,0.25
104,0.992233753204,0.2
105,0.975591719151,0.25
106,1.0,0.3
107,0.931213021278,0.25
108,0.931213021278,0.3
109,0.903106510639,0.25
110,0.971893489361,0.2
111,0.971893489361,0.2
112,0.970784008503,0.15
113,0.970784008503,0.2
114,0.970784008503,0.2
115,0.970784008503,0.3
116,0.965606510639,0.2
117,0.965606510639,0.25
118,0.965606510639,0.3
119,0.965606510639,0.25
120,1.0,0.2
121,1.0,0.3
122,1.0,0.3
123,1.0,0.25
124,1.0,0.25
125,0.992233753204,0.2
126,0.992233753204,0.25
127,0.992233753204,0.25
128,0.975591719151,0.2
129,0.975591719151,0.2
130,0.957100570202,0.25
131,0.945636093616,0.25
132,0.917159736156,0.25
133,0.953402340412,0.25
134,0.971893489361,0.25
135,0.966346144676,0.2
136,0.966346144676,0.25
137,1.0,0.2
138,1.0,0.2
139,1.0,0.2
140,1.0,0.25
141,0.959689378738,0.25
142,1.0,0.3
143,0.925295829773,0.3
144,0.89201182127,0.25
145,0.89201182127,0.25
146,0.970784008503,0.2
147,0.911982238293,0.25
148,0.917159736156,0.25
149,0.946375727654,0.25
150,0.946375727654,0.25
151,1.0,0.2
152,1.0,0.25
153,1.0,0.25
154,0.992233753204,0.25
155,0.992233753204,0.2
156,0.992233753204,0.25
157,0.964127242565,0.25
158,0.971893489361,0.25
159,0.935650885105,0.25
160,0.935650885105,0.25
161,0.975591719151,0.2
162,0.975591719151,0.25
163,0.966346144676,0.2
164,0.959689378738,0.25
165,0.959689378738,0.25
166,0.959689378738,0.25
167,0.970784008503,0.2
168,0.952292919159,0.25
169,0.947115361691,0.2
170,0.947115361691,0.2
171,0.965606510639,0.15
172,0.952292919159,0.3
173,0.965606510639,0.25
174,1.0,0.25
175,1.0,0.25
176,1.0,0.25
177,1.0,0.3
178,1.0,0.25
179,0.971893489361,0.3
180,0.971893489361,0.25
181,0.964127242565,0.2
182,0.964127242565,0.25
183,0.992233753204,0.2
184,0.992233753204,0.2
185,0.992233753204,0.25
186,0.975591719151,0.3
187,0.975591719151,0.2
188,0.975591719151,0.3
189,0.975591719151,0.25
190,0.975591719151,0.3
191,1.0,0.25
192,0.959689378738,0.25
193,0.966346144676,0.2
194,0.91272187233,0.2
195,0.946375727654,0.25
196,0.946375727654,0.2
197,1.0,0.2
198,0.965606510639,0.2
199,0.965606510639,0.25
200,0.965606510639,0.25
201,0.957840263844,0.25
202,0.992233753204,0.2
203,0.992233753204,0.25
204,0.964127242565,0.35
205,0.953402340412,0.2
206,0.953402340412,0.2
207,0.952292919159,0.3
208,0.970784008503,0.15
209,0.942677497864,0.25
210,0.970784008503,0.25
211,0.970784008503,0.25
212,1.0,0.2
213,0.975591719151,0.25
214,0.975591719151,0.25
215,0.975591719151,0.25
216,0.975591719151,0.25
217,1.0,0.2
218,1.0,0.2
219,1.0,0.25
220,1.0,0.25
221,1.0,0.25
222,0.931213021278,0.25
223,0.931213021278,0.25
224,0.959689378738,0.25
225,1.0,0.25
226,0.931582868099,0.25
227,0.964127242565,0.25
228,0.964127242565,0.25
229,0.964127242565,0.2
230,0.992233753204,0.2
231,0.963017761707,0.25
232,0.970784008503,0.25
233,0.965606510639,0.15
234,0.965606510639,0.2
235,0.947115361691,0.2
236,0.952292919159,0.2
237,0.981508851051,0.25
238,0.952292919159,0.25
239,1.0,0.25
240,1.0,0.25
241,1.0,0.25
242,0.975591719151,0.25
243,0.900887548923,0.25
244,0.992233753204,0.2
245,0.992233753204,0.15
246,0.975591719151,0.2
247,0.964127242565,0.3
248,0.964127242565,0.25
249,0.971893489361,0.25
250,0.931582868099,0.25
251,0.959689378738,0.2
252,0.959689378738,0.3
253,0.959689378738,0.25
254,1.0,0.2
255,0.946375727654,0.25
256,0.946375727654,0.25
257,0.919008851051,0.25
258,1.0,0.2
259,0.992233753204,0.25
260,0.992233753204,0.25
261,0.992233753204,0.2
262,0.963017761707,0.25
263,0.963017761707,0.25
264,0.970784008503,0.2
265,0.970784008503,0.3
266,0.970784008503,0.25
267,1.0,0.2
268,1.0,0.3
269,0.981508851051,0.25
270,0.947115361691,0.25
271,0.934911251068,0.2
272,0.934911251068,0.25
273,0.965606510639,0.2
274,0.971893489361,0.2
275,0.971893489361,0.25
276,0.935650885105,0.25
277,0.941937863827,0.2
278,0.941937863827,0.25
279,0.966346144676,0.2
280,0.971893489361,0.2
281,0.975591719151,0.25
282,1.0,0.25
283,0.992233753204,0.25
284,0.992233753204,0.25
285,0.992233753204,0.25
286,0.992233753204,0.25
287,0.992233753204,0.25
288,1.0,0.3
289,1.0,0.2
290,0.970784008503,0.2
291,0.952292919159,0.25
292,0.952292919159,0.25
293,0.952292919159,0.2
294,0.981508851051,0.2
295,0.981508851051,0.25
296,1.0,0.25
297,0.965606510639,0.25
298,0.965606510639,0.3
299,0.965606510639,0.25
300,0.971893489361,0.3
301,0.929733753204,0.25
302,0.964127242565,0.25
303,0.964127242565,0.25
304,0.992233753204,0.2
305,0.975591719151,0.25
306,0.975591719151,0.25
307,0.975591719151,0.25
308,0.975591719151,0.25
309,1.0,0.2
310,1.0,0.2
311,1.0,0.3
312,0.966346144676,0.2
313,0.959689378738,0.3
314,0.966346144676,0.3
315,0.966346144676,0.25
316,1.0,0.2
317,1.0,0.25
318,1.0,0.2
319,1.0,0.25
320,0.981508851051,0.3
321,0.834319531918,0.25
322,0.981508851051,0.25
323,0.888683438301,0.2
324,0.970784008503,0.2
325,0.917159736156,0.25
326,0.942677497864,0.25
327,0.964127242565,0.25
328,0.992233753204,0.2
329,0.964127242565,0.25
330,0.964127242565,0.25
331,0.992233753204,0.25
332,1.0,0.25
333,1.0,0.25
334,1.0,0.25
335,0.965606510639,0.3
336,0.965606510639,0.25
337,0.965606510639,0.25
338,0.867233753204,0.3
339,0.910133123398,0.2
340,0.906804740429,0.2
341,0.935281038284,0.2
342,0.900887548923,0.25
343,0.992233753204,0.15
344,0.992233753204,0.2
345,0.992233753204,0.25
346,0.992233753204,0.25
347,1.0,0.25
348,1.0,0.35
349,1.0,0.25
350,0.975591719151,0.3
351,0.971893489361,0.25
352,0.971893489361,0.3
353,0.942677497864,0.2
354,0.970784008503,0.2
355,0.970784008503,0.2
356,0.952292919159,0.2
357,0.981508851051,0.2
358,0.981508851051,0.25
359,0.981508851051,0.25
360,0.981508851051,0.25
361,0.965606510639,0.25
362,0.965606510639,0.25
363,0.965606510639,0.3
364,1.0,0.2
365,0.965606510639,0.25
366,0.966346144676,0.25
367,0.966346144676,0.2
368,0.966346144676,0.3
369,0.958579897881,0.25
370,0.900887548923,0.2
371,0.900887548923,0.25
372,0.975591719151,0.2
373,0.975591719151,0.2
374,0.963017761707,0.25
375,0.942677497864,0.25
376,0.942677497864,0.25
377,0.942677497864,0.3
378,0.942677497864,0.35
379,1.0,0.25
380,0.946375727654,0.25
381,0.946375727654,0.25
382,0.946375727654,0.25
383,0.946375727654,0.2
384,0.981508851051,0.2
385,0.981508851051,0.25
386,0.981508851051,0.25
387,0.981508851051,0.3
388,1.0,0.2
389,0.981508851051,0.25
390,1.0,0.25
391,1.0,0.3
392,0.966346144676,0.2
393,0.966346144676,0.25
394,0.966346144676,0.3
395,0.992233753204,0.2
396,0.92418640852,0.25
397,0.957840263844,0.25
398,0.957840263844,0.25
399,0.957840263844,0.3
400,0.970784008503,0.2
401,0.970784008503,0.25
402,0.970784008503,0.2
403,0.971893489361,0.2
404,0.971893489361,0.25
405,0.935650885105,0.25
406,0.906434893608,0.25
407,0.975591719151,0.25
408,0.975591719151,0.25
409,0.981508851051,0.2
410,0.981508851051,0.3
411,0.973742604256,0.25
412,0.973742604256,0.3
413,0.992233753204,0.2
414,0.992233753204,0.2
415,1.0,0.25
416,1.0,0.25
417,1.0,0.2
418,1.0,0.25
419,0.966346144676,0.2
420,0.966346144676,0.3
421,0.966346144676,0.25
422,1.0,0.2
423,0.966346144676,0.3
424,1.0,0.25
425,0.970784008503,0.3
426,0.917159736156,0.25
427,0.889792919159,0.25
428,0.889792919159,0.3
429,0.971893489361,0.15
430,0.971893489361,0.2
431,0.971893489361,0.2
432,1.0,0.25
433,1.0,0.2
434,0.975591719151,0.2
435,0.992233753204,0.25
436,0.992233753204,0.3
437,0.900887548923,0.25
438,0.975591719151,0.25
439,0.992233753204,0.25
440,0.94119822979,0.3
441,0.957840263844,0.25
442,0.965606510639,0.25
443,0.934911251068,0.25
444,0.969304740429,0.2
445,0.981508851051,0.2
446,0.981508851051,0.2
447,1.0,0.25
448,1.0,0.25
449,1.0,0.25
450,0.959689378738,0.25
451,0.959689378738,0.25
452,0.959689378738,0.25
453,0.966346144676,0.2
454,0.970784008503,0.2
455,0.970784008503,0.25
456,0.963017761707,0.25
457,0.934911251068,0.3
458,0.934911251068,0.25
459,0.964127242565,0.25
460,0.964127242565,0.3
461,0.971893489361,0.25
462,1.0,0.25
463,1.0,0.25
464,1.0,0.25
465,1.0,0.3
466,0.965606510639,0.3
467,0.965606510639,0.25
468,0.965606510639,0.25
469,0.965606510639,0.25
470,1.0,0.2
471,0.975591719151,0.2
472,0.975591719151,0.25
473,0.935281038284,0.2
474,0.923446774483,0.2
475,0.919748544693,0.2
476,0.953402340412,0.25
477,0.919748544693,0.3
478,0.953402340412,0.25
479,0.964127242565,0.25
480,0.992233753204,0.2
481,0.963017761707,0.25
482,0.963017761707,0.25
483,0.970784008503,0.2
484,0.970784008503,0.3
485,0.963017761707,0.3
486,1.0,0.25
487,0.946375727654,0.25
488,0.946375727654,0.25
489,0.946375727654,0.2
490,1.0,0.15
491,0.965606510639,0.2
492,0.965606510639,0.25
493,0.965606510639,0.25
494,0.965606510639,0.2
495,1.0,0.3
496,1.0,0.25
497,0.965606510639,0.4
498,0.971893489361,0.3
499,0.971893489361,0.25
500,0.964127242565,0.3
501,0.992233753204,0.2
502,0.992233753204,0.2
503,0.973742604256,0.25
504,0.973742604256,0.25
505,0.952292919159,0.25
506,0.952292919159,0.25
507,0.937130153179,0.2
508,0.937130153179,0.3
509,0.923446774483,0.25
510,0.941937863827,0.25
511,0.975591719151,0.2
512,0.975591719151,0.25
513,1.0,0.2
514,1.0,0.2
515,1.0,0.25
516,1.0,0.25
517,1.0,0.25
518,0.992233753204,0.25
519,0.964127242565,0.25
520,0.964127242565,0.3
521,0.964127242565,0.25
522,0.964127242565,0.25
523,0.981508851051,0.2
524,0.981508851051,0.25
525,0.981508851051,0.25
526,0.981508851051,0.25
527,0.981508851051,0.25
528,0.965606510639,0.25
529,0.965606510639,0.3
530,0.965606510639,0.25
531,0.965606510639,0.3
532,0.975591719151,0.2
533,0.975591719151,0.25
534,0.975591719151,0.3
535,0.975591719151,0.25
536,1.0,0.2
537,1.0,0.25
538,0.970784008503,0.3
539,0.937130153179,0.2
540,0.929363906384,0.3
541,0.929363906384,0.3
542,0.958579897881,0.25
543,0.992233753204,0.2
544,0.964127242565,0.25
545,0.971893489361,0.25
546,0.971893489361,0.25
547,0.971893489361,0.25
548,1.0,0.2
549,0.971893489361,0.3
550,1.0,0.25
551,1.0,0.25
552,0.981508851051,0.25
553,0.917899429798,0.25
554,0.917899429798,0.2
555,0.917899429798,0.25
556,1.0,0.2
557,1.0,0.2
558,1.0,0.25
559,1.0,0.25
560,0.975591719151,0.25
561,0.975591719151,0.25
562,0.975591719151,0.25
563,0.94119822979,0.2
564,0.931952655315,0.25
565,0.925295829773,0.4
566,0.903846144676,0.25
567,0.938239634037,0.2
568,0.931582868099,0.25
569,0.992233753204,0.2
570,0.992233753204,0.2
571,0.992233753204,0.2
572,0.963017761707,0.25
573,0.970784008503,0.2
574,0.970784008503,0.25
575,0.970784008503,0.25
576,1.0,0.2
577,1.0,0.25
578,1.0,0.25
579,1.0,0.25
580,1.0,0.25
581,0.981508851051,0.25
582,0.981508851051,0.25
583,0.981508851051,0.25
584,0.953402340412,0.25
585,0.953402340412,0.25
586,0.971893489361,0.25
587,0.971893489361,0.25
588,0.931213021278,0.2
589,0.966346144676,0.2
590,0.906804740429,0.25
591,0.941937863827,0.25
592,0.900887548923,0.25
593,0.992233753204,0.2
594,0.992233753204,0.25
595,0.992233753204,0.25
596,1.0,0.25
597,0.992233753204,0.3
598,0.94119822979,0.3
599,0.94119822979,0.35
600,0.965606510639,0.25
601,0.965606510639,0.25
602,0.970784008503,0.2
603,0.970784008503,0.25
604,0.952292919159,0.2
605,0.952292919159,0.25
606,0.981508851051,0.25
607,0.981508851051,0.3
608,0.981508851051,0.3
609,1.0,0.25
610,1.0,0.3
611,0.971893489361,0.3
612,0.971893489361,0.25
613,0.971893489361,0.25
614,0.964127242565,0.25
615,0.992233753204,0.2
616,0.938609480858,0.2
617,0.938609480858,0.25
618,0.921967446804,0.25
619,0.975591719151,0.2
620,0.975591719151,0.2
621,0.946375727654,0.25
622,0.906804740429,0.3
623,0.959689378738,0.2
624,0.959689378738,0.25
625,1.0,0.25
626,0.959689378738,0.25
627,1.0,0.25
628,1.0,0.25
629,1.0,0.25
630,0.965606510639,0.25
631,0.947115361691,0.3
632,0.947115361691,0.25
633,0.953402340412,0.2
634,0.919008851051,0.25
635,0.971893489361,0.2
636,0.971893489361,0.2
637,0.970784008503,0.2
638,0.970784008503,0.25
639,0.970784008503,0.25
640,0.970784008503,0.25
641,0.970784008503,0.25
642,1.0,0.25
643,1.0,0.25
644,1.0,0.3
645,1.0,0.3
646,0.992233753204,0.2
647,0.951923072338,0.3
648,0.941937863827,0.2
649,0.935281038284,0.2
650,0.935281038284,0.2
651,0.992233753204,0.2
652,0.975591719151,0.25
653,0.992233753204,0.3
654,1.0,0.25
655,1.0,0.3
656,0.971893489361,0.35
657,0.971893489361,0.25
658,0.971893489361,0.3
659,0.971893489361,0.25
660,1.0,0.2
661,1.0,0.25
662,0.965606510639,0.25
663,0.965606510639,0.25
664,0.934911251068,0.2
665,0.940088748932,0.25
666,0.888683438301,0.2
667,0.888683438301,0.25
668,0.917159736156,0.25
669,0.911982238293,0.25
670,0.970784008503,0.25
671,1.0,0.25
672,1.0,0.2
673,1.0,0.3
674,1.0,0.3
675,0.992233753204,0.2
676,0.992233753204,0.25
677,0.992233753204,0.3
678,0.992233753204,0.25
679,0.971893489361,0.2
680,0.935650885105,0.25
681,0.935650885105,0.25
682,0.935650885105,0.25
683,0.941937863827,0.25
684,0.941937863827,0.25
685,0.966346144676,0.25
686,0.959689378738,0.25
687,1.0,0.2
688,1.0,0.25
689,1.0,0.25
690,1.0,0.25
691,0.970784008503,0.3
692,0.970784008503,0.25
693,0.965606510639,0.25
694,0.89201182127,0.25
695,0.965606510639,0.2
696,0.965606510639,0.25
697,0.970784008503,0.25
698,1.0,0.25
699,1.0,0.2
700,0.969304740429,0.25
701,0.961538434029,0.3
702,0.961538434029,0.25
703,0.945636093616,0.25
704,0.917159736156,0.3
705,0.935650885105,0.2
706,0.935650885105,0.2
707,0.975591719151,0.2
708,1.0,0.2
709,0.992233753204,0.3
710,1.0,0.25
711,1.0,0.25
712,0.966346144676,0.25
713,0.966346144676,0.25
714,0.966346144676,0.2
715,0.966346144676,0.25
716,1.0,0.25
717,0.919008851051,0.25
718,0.919008851051,0.25
719,0.919008851051,0.25
720,1.0,0.2
721,0.970784008503,0.2
722,0.952292919159,0.25
723,0.952292919159,0.25
724,0.947115361691,0.2
725,0.947115361691,0.2
726,0.947115361691,0.25
727,0.942677497864,0.25
728,0.9375,0.25
729,0.971893489361,0.2
730,1.0,0.3
731,0.964127242565,0.25
732,0.992233753204,0.2
733,0.992233753204,0.3
734,0.992233753204,0.25
735,1.0,0.2
736,1.0,0.25
737,0.975591719151,0.25
738,0.975591719151,0.25
739,0.975591719151,0.3
740,0.966346144676,0.2
741,0.941937863827,0.25
742,0.959689378738,0.25
743,0.959689378738,0.25
744,1.0,0.2
745,1.0,0.25
746,1.0,0.3
747,0.981508851051,0.2
748,0.981508851051,0.25
749,0.981508851051,0.25
750,0.953402340412,0.25
751,0.971893489361,0.25
752,0.971893489361,0.25
753,0.971893489361,0.3
754,0.992233753204,0.2
755,0.992233753204,0.25
756,0.992233753204,0.25
757,0.963017761707,0.3
758,0.89201182127,0.25
759,0.89201182127,0.25
760,0.965606510639,0.2
761,0.970784008503,0.2
762,0.965606510639,0.25
763,1.0,0.25
764,1.0,0.25
765,1.0,0.3
766,0.966346144676,0.25
767,0.941937863827,0.3
768,0.941937863827,0.25
769,0.975591719151,0.2
770,0.975591719151,0.2
771,1.0,0.2
772,1.0,0.25
773,1.0,0.25
774,1.0,0.25
775,0.992233753204,0.25
776,0.964127242565,0.25
777,0.964127242565,0.25
778,0.945636093616,0.3
779,0.945636093616,0.3
780,0.917899429798,0.15
781,0.981508851051,0.2
782,0.946375727654,0.2
783,0.946375727654,0.2
784,1.0,0.25
785,1.0,0.25
786,0.965606510639,0.25
787,0.965606510639,0.25
788,0.965606510639,0.25
789,0.965606510639,0.25
790,0.970784008503,0.25
791,0.970784008503,0.25
792,0.970784008503,0.2
793,0.970784008503,0.3
794,0.992233753204,0.2
795,0.900887548923,0.25
796,0.900887548923,0.25
797,0.975591719151,0.25
798,0.941937863827,0.2
799,0.958579897881,0.25
800,0.941937863827,0.3
801,0.966346144676,0.25
802,0.938239634037,0.25
803,0.971893489361,0.25
804,0.971893489361,0.25
805,0.971893489361,0.25
806,1.0,0.2
807,1.0,0.3
808,1.0,0.25
809,1.0,0.25
810,0.981508851051,0.25
811,0.969304740429,0.25
812,0.981508851051,0.2
813,0.981508851051,0.25
814,1.0,0.2
815,0.992233753204,0.2
816,0.992233753204,0.25
817,0.992233753204,0.25
818,0.992233753204,0.25
819,0.958579897881,0.3
820,0.941937863827,0.3
821,0.935281038284,0.3
822,0.935281038284,0.25
823,0.975591719151,0.2
824,0.963017761707,0.25
825,0.965606510639,0.2
826,0.942677497864,0.15
827,0.863905310631,0.2
828,0.942677497864,0.3
829,1.0,0.15
830,0.965606510639,0.25
831,1.0,0.25
832,0.971893489361,0.35
833,1.0,0.2
834,0.992233753204,0.25
835,0.992233753204,0.3
836,0.992233753204,0.2
837,0.938609480858,0.25
838,0.938609480858,0.25
839,1.0,0.15
840,1.0,0.2
841,0.981508851051,0.2
842,0.981508851051,0.25
843,0.981508851051,0.25
844,0.957100570202,0.25
845,0.957100570202,0.3
846,0.921967446804,0.3
847,0.975591719151,0.3
848,1.0,0.2
849,0.966346144676,0.25
850,0.959689378738,0.2
851,0.924556195736,0.25
852,0.971893489361,0.15
853,0.971893489361,0.2
854,0.964127242565,0.25
855,0.930473387241,0.25
856,0.992233753204,0.2
857,0.992233753204,0.3
858,0.963017761707,0.25
859,0.970784008503,0.25
860,0.970784008503,0.2
861,1.0,0.2
862,1.0,0.25
863,0.965606510639,0.2
864,0.965606510639,0.25
865,0.965606510639,0.25
866,0.947115361691,0.25
867,0.981508851051,0.2
868,0.981508851051,0.25
869,0.981508851051,0.25
870,1.0,0.2
871,1.0,0.2
872,1.0,0.25
873,0.975591719151,0.3
874,0.975591719151,0.25
875,0.935650885105,0.25
876,0.964127242565,0.25
877,0.964127242565,0.2
878,0.958579897881,0.2
879,0.930473387241,0.25
880,0.941937863827,0.25
881,0.951923072338,0.3
882,0.959689378738,0.25
883,1.0,0.25
884,1.0,0.25
885,1.0,0.25
886,0.970784008503,0.25
887,0.970784008503,0.2
888,0.970784008503,0.25
889,0.970784008503,0.3
890,0.970784008503,0.25
891,0.965606510639,0.2
892,0.965606510639,0.3
893,0.911982238293,0.3
894,0.883505940437,0.3
895,0.917899429798,0.2
896,0.973742604256,0.2
897,0.973742604256,0.25
898,0.964127242565,0.2
899,0.964127242565,0.25
900,0.964127242565,0.3
901,0.964127242565,0.3
902,1.0,0.25
903,1.0,0.25
904,1.0,0.3
905,1.0,0.25
906,1.0,0.3
907,0.975591719151,0.25
908,0.906804740429,0.25
909,0.941937863827,0.15
910,0.906804740429,0.25
911,0.959689378738,0.2
912,1.0,0.2
913,0.970784008503,0.25
914,0.970784008503,0.25
915,0.970784008503,0.3
916,0.963017761707,0.2
917,0.992233753204,0.3
918,0.992233753204,0.3
919,0.992233753204,0.25
920,0.970784008503,0.25
921,1.0,0.25
922,1.0,0.2
923,1.0,0.25
924,0.971893489361,0.2
925,0.971893489361,0.25
926,0.9375,0.25
927,0.947115361691,0.2
928,0.919008851051,0.25
929,0.947115361691,0.25
930,0.957100570202,0.25
931,0.975591719151,0.2
932,0.975591719151,0.25
933,0.975591719151,0.3
934,1.0,0.25
935,1.0,0.2
936,1.0,0.3
937,0.966346144676,0.25
938,0.959689378738,0.25
939,0.959689378738,0.25
940,0.930473387241,0.25
941,0.970784008503,0.2
942,0.963017761707,0.25
943,0.963017761707,0.25
944,0.992233753204,0.2
945,0.992233753204,0.25
946,0.992233753204,0.25
947,1.0,0.25
948,0.971893489361,0.25
949,0.971893489361,0.25
950,0.971893489361,0.3
951,1.0,0.2
952,0.971893489361,0.3
953,1.0,0.25
954,1.0,0.25
955,1.0,0.25
956,0.946375727654,0.25
957,0.917899429798,0.3
958,0.883505940437,0.25
959,0.883505940437,0.25
960,0.947115361691,0.25
961,0.947855055332,0.2
962,0.931952655315,0.25
963,0.941937863827,0.25
964,0.941937863827,0.25
965,0.975591719151,0.2
966,0.975591719151,0.25
967,1.0,0.25
968,0.992233753204,0.2
969,0.992233753204,0.3
970,0.992233753204,0.25
971,0.992233753204,0.25
972,0.963017761707,0.25
973,0.970784008503,0.25
974,0.970784008503,0.3
975,0.970784008503,0.25
976,0.969939112663,0.210526315789
977,1.0,0.166666666667
978,0.962709307671,0.294117647059
979,0.964701294899,0.25
980,0.89449185133,0.2
981,0.963925540447,0.214285714286
982,0.907337546349,0.5
983,1.0,0.166666666667
984,0.927083313465,0.65
985,0.760416686535,0.75
986,0.872106492519,0.7
987,0.842303216457,0.7
988,0.850694417953,0.7
989,0.909432888031,0.65
990,0.896412014961,0.65
991,0.855324089527,0.7
992,0.909432888031,0.65
993,0.795138895512,0.75
994,0.877025485039,0.7
995,0.866608798504,0.7
996,0.842303216457,0.7
997,0.866608798504,0.7
998,0.842303216457,0.7
999,0.866608798504,0.7
1000,0.842303216457,0.7
1001,0.866608798504,0.7
1002,0.828703701496,0.7
1003,0.909432888031,0.65
1004,0.941840291023,0.65
1005,0.866608798504,0.7
1006,0.842303216457,0.7
1007,0.866608798504,0.7
1008,0.862268507481,0.7
1009,0.795138895512,0.75
1010,0.905671298504,0.65
1011,0.866608798504,0.7
1012,0.863425910473,0.7
1013,0.909432888031,0.65
1014,0.863425910473,0.7
1015,0.866608798504,0.7
1016,0.828703701496,0.7
1017,0.909432888031,0.65
1018,0.877025485039,0.7
1019,0.866608798504,0.7
1020,0.842303216457,0.7
1021,0.866608798504,0.7
1022,0.828703701496,0.7
1023,0.866608798504,0.7
1024,0.842303216457,0.7
1025,0.795138895512,0.75
1026,0.802083313465,0.7
1027,0.909432888031,0.65
1028,0.842303216457,0.7
1029,0.830439805984,0.7
1030,0.941840291023,0.65
1031,0.866608798504,0.7
1032,0.842303216457,0.7
1033,0.795138895512,0.75
1034,0.941840291023,0.65
1035,0.760416686535,0.75
1036,0.856770813465,0.7
1037,0.842303216457,0.7
1038,0.866608798504,0.7
1039,0.866608798504,0.7
1040,0.842303216457,0.7
1041,0.909432888031,0.65
1042,0.842303216457,0.7
1043,0.760416686535,0.75
1044,0.856770813465,0.7
1045,0.866608798504,0.7
1046,0.842303216457,0.7
1047,0.866608798504,0.7
1048,0.842303216457,0.7
1049,0.866608798504,0.7
1050,0.842303216457,0.7
1051,0.866608798504,0.7
1052,0.828703701496,0.7
1053,0.909432888031,0.65
1054,0.842303216457,0.7
1055,0.760416686535,0.75
1056,0.856770813465,0.7
1057,0.866608798504,0.7
1058,0.842303216457,0.7
1059,0.866608798504,0.7
1060,0.842303216457,0.7
1061,0.866608798504,0.7
1062,0.842303216457,0.7
1063,0.866608798504,0.7
1064,0.842303216457,0.7
1065,0.866608798504,0.7
1066,0.826967597008,0.7
1067,0.866608798504,0.7
1068,0.877025485039,0.7
1069,0.909432888031,0.65
1070,0.863425910473,0.7
1071,0.866608798504,0.7
1072,0.863425910473,0.7
1073,0.909432888031,0.65
1074,0.842303216457,0.7
1075,0.866608798504,0.7
1076,0.877025485039,0.7
1077,0.909432888031,0.65
1078,0.877025485039,0.7
1079,0.866608798504,0.7
1080,0.842303216457,0.7
1081,0.866608798504,0.7
1082,0.863425910473,0.7
1083,0.866608798504,0.7
1084,0.842303216457,0.7
1085,0.909432888031,0.65
1086,0.877025485039,0.7
1087,0.858217597008,0.7
1088,0.866608798504,0.7
1089,0.842303216457,0.7
1090,0.866608798504,0.7
1091,0.863425910473,0.7
1092,0.909432888031,0.65
1093,0.826967597008,0.7
1094,0.909432888031,0.65
1095,0.842303216457,0.7
1096,0.866608798504,0.7
1097,0.842303216457,0.7
1098,0.866608798504,0.7
1099,0.863425910473,0.7
1100,0.866608798504,0.7
1101,0.842303216457,0.7
1102,0.78153938055,0.75
1103,0.941840291023,0.65
1104,0.803240716457,0.7
1105,0.892071783543,0.65
1106,0.909432888031,0.65
1107,0.842303216457,0.7
1108,0.866608798504,0.7
1109,0.877025485039,0.7
1110,0.909432888031,0.65
1111,0.863425910473,0.7
1112,0.909432888031,0.65
1113,0.828703701496,0.7
1114,0.909432888031,0.65
1115,0.828703701496,0.7
1116,0.842303216457,0.7
1117,0.866608798504,0.7
1118,0.866608798504,0.7
1119,0.862268507481,0.7
1120,0.842303216457,0.7
1121,0.78153938055,0.75
1122,0.866608798504,0.7
1123,0.828703701496,0.7
1124,0.866608798504,0.7
1125,0.842303216457,0.7
1126,0.760416686535,0.75
1127,0.856770813465,0.7
1128,0.909432888031,0.65
1129,0.828703701496,0.7
1130,0.909432888031,0.65
1131,0.828703701496,0.7
1132,0.842303216457,0.7
1133,0.909432888031,0.65
1134,0.842303216457,0.7
1135,0.909432888031,0.65
1136,0.781828701496,0.75
1137,0.866608798504,0.7
1138,0.863425910473,0.7
1139,0.909432888031,0.65
1140,0.842303216457,0.7
1141,0.78153938055,0.75
1142,0.828703701496,0.7
1143,0.866608798504,0.7
1144,0.842303216457,0.7
1145,0.866608798504,0.7
1146,0.877025485039,0.7
1147,0.866608798504,0.7
1148,0.760416686535,0.75
1149,0.856770813465,0.7
1150,0.842303216457,0.7
1151,0.866608798504,0.7
1152,0.842303216457,0.7
1153,0.909432888031,0.65
1154,0.828703701496,0.7
1155,0.909432888031,0.65
1156,0.842303216457,0.7
1157,0.909432888031,0.65
1158,0.842303216457,0.7
1159,0.866608798504,0.7
1160,0.828703701496,0.7
1161,0.830439805984,0.7
1162,0.930555582047,0.65
1163,0.837962985039,0.7
1164,0.941840291023,0.65
1165,0.760416686535,0.75
1166,0.941840291023,0.65
1167,0.760416686535,0.75
1168,0.927083313465,0.65
1169,0.795138895512,0.75
1170,0.926504611969,0.65
1171,0.795138895512,0.75
1172,0.941840291023,0.65
1173,0.760416686535,0.75
1174,0.926504611969,0.65
1175,0.795138895512,0.75
1176,0.909432888031,0.65
1177,0.863425910473,0.7
1178,0.926504611969,0.65
1179,0.803240716457,0.7
1180,0.881365716457,0.7
1181,0.803240716457,0.7
1182,0.92216438055,0.65
1183,0.877025485039,0.7
1184,0.866608798504,0.7
1185,0.877025485039,0.7
1186,0.866608798504,0.7
1187,0.877025485039,0.7
1188,0.866608798504,0.7
1189,0.760416686535,0.75
1190,0.941840291023,0.65
1191,0.795138895512,0.75
1192,0.856770813465,0.7
1193,0.795138895512,0.75
1194,0.856770813465,0.7
1195,0.837962985039,0.7
1196,0.835358798504,0.7
1197,0.760416686535,0.75
1198,0.92216438055,0.65
1199,0.795138895512,0.75
1200,0.941840291023,0.65
1201,0.803240716457,0.7
1202,0.926504611969,0.65
1203,0.760416686535,0.75
1204,0.941840291023,0.65
1205,0.837962985039,0.7
1206,0.843171298504,0.7
1207,0.803240716457,0.7
1208,0.866608798504,0.7
1209,0.842303216457,0.7
1210,0.92216438055,0.65
1211,0.803240716457,0.7
1212,0.941840291023,0.65
1213,0.866608798504,0.7
1214,0.828703701496,0.7
1215,0.795138895512,0.75
1216,0.941840291023,0.65
1217,0.760416686535,0.75
1218,0.941840291023,0.65
1219,0.760416686535,0.75
1220,0.842303216457,0.7
1221,0.824363410473,0.7
1222,0.842303216457,0.7
1223,0.866608798504,0.7
1224,0.827546298504,0.7
1225,0.866608798504,0.7
1226,0.863425910473,0.7
1227,0.866608798504,0.7
1228,0.927083313465,0.65
1229,0.760416686535,0.75
1230,0.941840291023,0.65
1231,0.760416686535,0.75
1232,0.856770813465,0.7
1233,0.803240716457,0.7
1234,0.828703701496,0.7
1235,0.909432888031,0.65
1236,0.827546298504,0.7
1237,0.78153938055,0.75
1238,0.842303216457,0.7
1239,0.866608798504,0.7
1240,0.863425910473,0.7
1241,0.866608798504,0.7
1242,0.827546298504,0.7
1243,0.866608798504,0.7
1244,0.941840291023,0.65
1245,0.760416686535,0.75
1246,0.801504611969,0.7
1247,0.866608798504,0.7
1248,0.828703701496,0.7
1249,0.830439805984,0.7
1250,0.941840291023,0.65
1251,0.837962985039,0.7
1252,0.862268507481,0.7
1253,0.909432888031,0.65
1254,0.877025485039,0.7
1255,0.909432888031,0.65
1256,0.828703701496,0.7
1257,0.843171298504,0.7
1258,0.837962985039,0.7
1259,0.941840291023,0.65
1260,0.829282402992,0.7
1261,0.866608798504,0.7
1262,0.892071783543,0.65
1263,0.941840291023,0.65
1264,0.803240716457,0.7
1265,0.816840291023,0.7
1266,0.866608798504,0.7
1267,0.842303216457,0.7
1268,0.866608798504,0.7
1269,0.842303216457,0.7
1270,0.830439805984,0.7
1271,0.941840291023,0.65
1272,0.760416686535,0.75
1273,0.941840291023,0.65
1274,0.803240716457,0.7
1275,0.756365716457,0.75
1276,0.830439805984,0.7
1277,0.843171298504,0.7
1278,0.829282402992,0.7
1279,0.8515625,0.7
1280,0.866608798504,0.7
1281,0.842303216457,0.7
1282,0.830439805984,0.7
1283,0.802083313465,0.7
1284,0.830439805984,0.7
1285,0.866608798504,0.7
1286,0.828703701496,0.7
1287,0.941840291023,0.65
1288,0.803240716457,0.7
1289,0.816840291023,0.7
1290,0.866608798504,0.7
1291,0.862268507481,0.7
1292,0.78153938055,0.75
1293,0.842303216457,0.7
1294,0.909432888031,0.65
1295,0.828703701496,0.7
1296,0.830439805984,0.7
1297,0.828703701496,0.7
1298,0.866608798504,0.7
1299,0.861689805984,0.7
1300,0.866608798504,0.7
1301,0.877025485039,0.7
1302,0.909432888031,0.65
1303,0.842303216457,0.7
1304,0.909432888031,0.65
1305,0.842303216457,0.7
1306,0.866608798504,0.7
1307,0.863425910473,0.7
1308,0.866608798504,0.7
1309,0.941840291023,0.65
1310,0.760416686535,0.75
1311,0.828703701496,0.7
1312,0.909432888031,0.65
1313,0.863425910473,0.7
1314,0.866608798504,0.7
1315,0.863425910473,0.7
1316,0.866608798504,0.7
1317,0.877025485039,0.7
1318,0.866608798504,0.7
1319,0.842303216457,0.7
1320,0.866608798504,0.7
1321,0.828703701496,0.7
1322,0.866608798504,0.7
1323,0.828703701496,0.7
1324,0.866608798504,0.7
1325,0.842303216457,0.7
1326,0.866608798504,0.7
1327,0.842303216457,0.7
1328,0.866608798504,0.7
1329,0.877025485039,0.7
1330,0.866608798504,0.7
1331,0.941840291023,0.65
1332,0.760416686535,0.75
1333,0.877025485039,0.7
1334,0.866608798504,0.7
1335,0.941840291023,0.65
1336,0.795138895512,0.75
1337,0.941840291023,0.65
1338,0.855324089527,0.7
1339,0.842303216457,0.7
1340,0.760416686535,0.75
1341,0.941840291023,0.65
1342,0.760416686535,0.75
1343,0.941840291023,0.65
1344,0.795138895512,0.75
1345,0.941840291023,0.65
1346,0.795138895512,0.75
1347,0.930555582047,0.65
1348,0.866608798504,0.7
1349,0.941840291023,0.65
1350,0.760416686535,0.75
1351,0.842303216457,0.7
1352,0.760416686535,0.75
1353,0.877025485039,0.7
1354,0.866608798504,0.7
1355,0.930555582047,0.65
1356,0.751157402992,0.75
1357,0.78153938055,0.75
1358,0.842303216457,0.7
1359,0.866608798504,0.7
1360,0.877025485039,0.7
1361,0.909432888031,0.65
1362,0.842303216457,0.7
1363,0.909432888031,0.65
1364,0.877025485039,0.7
1365,0.866608798504,0.7
1366,0.911168992519,0.65
1367,0.837962985039,0.7
1368,0.856770813465,0.7
1369,0.760416686535,0.75
1370,0.941840291023,0.65
1371,0.795138895512,0.75
1372,0.8515625,0.7
1373,0.830439805984,0.7
1374,0.941840291023,0.65
1375,0.760416686535,0.75
1376,0.941840291023,0.65
1377,0.842303216457,0.7
1378,0.866608798504,0.7
1379,0.795138895512,0.75
1380,0.816840291023,0.7
1381,0.830439805984,0.7
1382,0.926504611969,0.65
1383,0.760416686535,0.75
1384,0.941840291023,0.65
1385,0.760416686535,0.75
1386,0.941840291023,0.65
1387,0.866608798504,0.7
1388,0.826967597008,0.7
1389,0.866608798504,0.7
1390,0.828703701496,0.7
1391,0.866608798504,0.7
1392,0.842303216457,0.7
1393,0.795138895512,0.75
1394,0.941840291023,0.65
1395,0.760416686535,0.75
1396,0.941840291023,0.65
1397,0.795138895512,0.75
1398,0.941840291023,0.65
1399,0.829282402992,0.7
1400,0.941840291023,0.65
1401,0.760416686535,0.75
1402,0.941840291023,0.65
1403,0.795138895512,0.75
1404,0.816840291023,0.7
1405,0.866608798504,0.7
1406,0.877025485039,0.7
1407,0.866608798504,0.7
1408,0.877025485039,0.7
1409,0.866608798504,0.7
1410,0.863425910473,0.7
1411,0.830439805984,0.7
1412,0.909432888031,0.65
1413,0.863425910473,0.7
1414,0.941840291023,0.65
1415,0.795138895512,0.75
1416,0.856770813465,0.7
1417,0.866608798504,0.7
1418,0.877025485039,0.7
1419,0.760416686535,0.75
1420,0.941840291023,0.65
1421,0.760416686535,0.75
1422,0.930555582047,0.65
1423,0.866608798504,0.7
1424,0.877025485039,0.7
1425,0.866608798504,0.7
1426,0.941840291023,0.65
1427,0.760416686535,0.75
1428,0.842303216457,0.7
1429,0.866608798504,0.7
1430,0.877025485039,0.7
1431,0.866608798504,0.7
1432,0.827546298504,0.7
1433,0.760416686535,0.75
1434,0.92216438055,0.65
1435,0.760416686535,0.75
1436,0.856770813465,0.7
1437,0.760416686535,0.75
1438,0.856770813465,0.7
1439,0.866608798504,0.7
1440,0.842303216457,0.7
1441,0.866608798504,0.7
1442,0.842303216457,0.7
1443,0.866608798504,0.7
1444,0.842303216457,0.7
1445,0.909432888031,0.65
1446,0.863425910473,0.7
1447,0.866608798504,0.7
1448,0.842303216457,0.7
1449,0.866608798504,0.7
1450,0.842303216457,0.7
1451,0.866608798504,0.7
1452,0.842303216457,0.7
1453,0.909432888031,0.65
1454,0.877025485039,0.7
1455,0.866608798504,0.7
1456,0.842303216457,0.7
1457,0.866608798504,0.7
1458,0.842303216457,0.7
1459,0.909432888031,0.65
1460,0.828703701496,0.7
1461,0.795138895512,0.75
1462,0.941840291023,0.65
1463,0.760416686535,0.75
1464,0.843171298504,0.7
1465,0.803240716457,0.7
1466,0.895833313465,0.65
1467,0.866608798504,0.7
1468,0.842303216457,0.7
1469,0.909432888031,0.65
1470,0.828703701496,0.7
1471,0.866608798504,0.7
1472,0.828703701496,0.7
1473,0.909432888031,0.65
1474,0.877025485039,0.7
1475,0.877025485039,0.7
1476,0.866608798504,0.7
1477,0.842303216457,0.7
1478,0.909432888031,0.65
1479,0.863425910473,0.7
1480,0.866608798504,0.7
1481,0.863425910473,0.7
1482,0.909432888031,0.65
1483,0.828703701496,0.7
1484,0.909432888031,0.65
1485,0.842303216457,0.7
1486,0.866608798504,0.7
1487,0.877025485039,0.7
1488,0.760416686535,0.75
1489,0.926504611969,0.65
1490,0.795138895512,0.75
1491,0.941840291023,0.65
1492,0.760416686535,0.75
1493,0.941840291023,0.65
1494,0.837962985039,0.7
1495,0.926504611969,0.65
1496,0.760416686535,0.75
1497,0.941840291023,0.65
1498,0.760416686535,0.75
1499,0.856770813465,0.7
1500,0.760416686535,0.75
1501,0.941840291023,0.65
1502,0.760416686535,0.75
1503,0.926504611969,0.65
1504,0.760416686535,0.75
1505,0.909432888031,0.65
1506,0.941840291023,0.65
1507,0.842303216457,0.7
1508,0.760416686535,0.75
1509,0.926504611969,0.65
1510,0.785879611969,0.75
1511,0.941840291023,0.65
1512,0.760416686535,0.75
1513,0.926504611969,0.65
1514,0.795138895512,0.75
1515,0.941840291023,0.65
1516,0.795138895512,0.75
1517,0.941840291023,0.65
1518,0.760416686535,0.75
1519,0.856770813465,0.7
1520,0.760416686535,0.75
1521,0.909432888031,0.65
1522,0.861689805984,0.7
1523,0.926504611969,0.65
1524,0.837962985039,0.7
1525,0.941840291023,0.65
1526,0.803240716457,0.7
1527,0.856770813465,0.7
1528,0.760416686535,0.75
1529,0.843171298504,0.7
1530,0.795138895512,0.75
1531,0.941840291023,0.65
1532,0.795138895512,0.75
1533,0.926504611969,0.65
1534,0.837962985039,0.7
1535,0.941840291023,0.65
1536,0.795138895512,0.75
1537,0.941840291023,0.65
1538,0.760416686535,0.75
1539,0.856770813465,0.7
1540,0.760416686535,0.75
1541,0.926504611969,0.65
1542,0.909432888031,0.65
1543,0.842303216457,0.7
1544,0.795138895512,0.75
1545,0.941840291023,0.65
1546,0.855324089527,0.7
1547,0.828703701496,0.7
1548,0.857349514961,0.7
1549,0.828703701496,0.7
1550,0.89814811945,0.65
1551,0.828703701496,0.7
1552,0.866608798504,0.7
1553,0.842303216457,0.7
1554,0.760416686535,0.75
1555,0.941840291023,0.65
1556,0.760416686535,0.75
1557,0.927083313465,0.65
1558,0.909432888031,0.65
1559,0.826967597008,0.7
1560,0.795138895512,0.75
1561,0.941840291023,0.65
1562,0.795138895512,0.75
1563,0.856770813465,0.7
1564,0.866608798504,0.7
1565,0.877025485039,0.7
1566,0.909432888031,0.65
1567,0.877025485039,0.7
1568,0.909432888031,0.65
1569,0.842303216457,0.7
1570,0.830439805984,0.7
1571,0.941840291023,0.65
1572,0.803240716457,0.7
1573,0.881365716457,0.7
1574,0.760416686535,0.75
1575,0.941840291023,0.65
1576,0.795138895512,0.75
1577,0.941840291023,0.65
1578,0.795138895512,0.75
1579,0.926504611969,0.65
1580,0.795138895512,0.75
1581,0.926504611969,0.65
1582,0.795138895512,0.75
1583,0.941840291023,0.65
1584,0.795138895512,0.75
1585,0.941840291023,0.65
1586,0.795138895512,0.75
1587,0.941840291023,0.65
1588,0.795138895512,0.75
1589,0.941840291023,0.65
1590,0.795138895512,0.75
1591,0.941840291023,0.65
1592,0.795138895512,0.75
1593,0.941840291023,0.65
1594,0.795138895512,0.75
1595,0.941840291023,0.65
1596,0.795138895512,0.75
1597,0.941840291023,0.65
1598,0.795138895512,0.75
1599,0.941840291023,0.65
1600,0.795138895512,0.75
1601,0.877025485039,0.7
1602,0.909432888031,0.65
1603,0.877025485039,0.7
1604,0.866608798504,0.7
1605,0.863425910473,0.7
1606,0.866608798504,0.7
1607,0.877025485039,0.7
1608,0.866608798504,0.7
1609,0.877025485039,0.7
1610,0.909432888031,0.65
1611,0.861689805984,0.7
1612,0.909432888031,0.65
1613,0.816550910473,0.75
1614,0.909432888031,0.65
1615,0.863425910473,0.7
1616,0.866608798504,0.7
1617,0.877025485039,0.7
1618,0.866608798504,0.7
1619,0.877025485039,0.7
1620,0.866608798504,0.7
1621,0.877025485039,0.7
1622,0.909432888031,0.65
1623,0.795138895512,0.75
1624,0.941840291023,0.65
1625,0.877025485039,0.7
1626,0.855324089527,0.7
1627,0.877025485039,0.7
1628,0.866608798504,0.7
1629,0.861689805984,0.7
1630,0.866608798504,0.7
1631,0.877025485039,0.7
1632,0.866608798504,0.7
1633,0.877025485039,0.7
1634,0.866608798504,0.7
1635,0.877025485039,0.7
1636,0.866608798504,0.7
1637,0.857349514961,0.7
1638,0.866608798504,0.7
1639,0.877025485039,0.7
1640,0.909432888031,0.65
1641,0.877025485039,0.7
1642,0.866608798504,0.7
1643,0.795138895512,0.75
1644,0.941840291023,0.65
1645,0.877025485039,0.7
1646,0.795138895512,0.75
1647,0.866608798504,0.7
1648,0.941840291023,0.65
1649,0.877025485039,0.7
1650,0.795138895512,0.75
1651,0.866608798504,0.7
1652,0.941840291023,0.65
1653,0.877025485039,0.7
1654,0.795138895512,0.75
1655,0.866608798504,0.7
1656,0.816550910473,0.75
1657,0.909432888031,0.65
1658,0.941840291023,0.65
1659,0.877025485039,0.7
1660,0.866608798504,0.7
1661,0.795138895512,0.75
1662,0.941840291023,0.65
1663,0.795138895512,0.75
1664,0.941840291023,0.65
1665,0.795138895512,0.75
1666,0.926504611969,0.65
1667,0.795138895512,0.75
1668,0.927083313465,0.65
1669,0.795138895512,0.75
1670,0.877025485039,0.7
1671,0.866608798504,0.7
1672,0.877025485039,0.7
1673,0.866608798504,0.7
1674,0.877025485039,0.7
1675,0.866608798504,0.7
1676,0.877025485039,0.7
1677,0.866608798504,0.7
1678,0.877025485039,0.7
1679,0.909432888031,0.65
1680,0.877025485039,0.7
1681,0.866608798504,0.7
1682,0.877025485039,0.7
1683,0.866608798504,0.7
1684,0.861689805984,0.7
1685,0.866608798504,0.7
1686,0.877025485039,0.7
1687,0.866608798504,0.7
1688,0.857349514961,0.7
1689,0.866608798504,0.7
1690,0.842303216457,0.7
1691,0.866608798504,0.7
1692,0.862268507481,0.7
1693,0.866608798504,0.7
1694,0.877025485039,0.7
1695,0.866608798504,0.7
1696,0.837962985039,0.7
1697,0.941840291023,0.65
1698,0.877025485039,0.7
1699,0.866608798504,0.7
1700,0.877025485039,0.7
1701,0.866608798504,0.7
1702,0.877025485039,0.7
1703,0.866608798504,0.7
1704,0.861689805984,0.7
1705,0.866608798504,0.7
1706,0.877025485039,0.7
1707,0.866608798504,0.7
1708,0.877025485039,0.7
1709,0.866608798504,0.7
1710,0.877025485039,0.7
1711,0.866608798504,0.7
1712,0.877025485039,0.7
1713,0.866608798504,0.7
1714,0.877025485039,0.7
1715,0.866608798504,0.7
1716,0.877025485039,0.7
1717,0.866608798504,0.7
1718,0.877025485039,0.7
1719,0.866608798504,0.7
1720,0.940393507481,0.65
1721,0.941840291023,0.65
1722,0.795138895512,0.75
1723,0.941840291023,0.65
1724,0.795138895512,0.75
1725,0.941840291023,0.65
1726,0.795138895512,0.75
1727,0.866608798504,0.7
1728,0.877025485039,0.7
1729,0.866608798504,0.7
1730,0.877025485039,0.7
1731,0.866608798504,0.7
1732,0.877025485039,0.7
1733,0.855324089527,0.7
1734,0.941840291023,0.65
1735,0.795138895512,0.75
1736,0.941840291023,0.65
1737,0.795138895512,0.75
1738,0.930555582047,0.65
1739,0.795138895512,0.75
1740,0.8515625,0.7
1741,0.837962985039,0.7
1742,0.941840291023,0.65
1743,0.795138895512,0.75
1744,0.941840291023,0.65
1745,0.824363410473,0.7
1746,0.940393507481,0.65
1747,0.896701395512,0.65
1748,0.877025485039,0.7
1749,0.896701395512,0.65
1750,0.877025485039,0.7
1751,0.866608798504,0.7
1752,0.877025485039,0.7
1753,0.896701395512,0.65
1754,0.877025485039,0.7
1755,0.877025485039,0.7
1756,0.866608798504,0.7
1757,0.877025485039,0.7
1758,0.866608798504,0.7
1759,0.940393507481,0.65
1760,0.896701395512,0.65
1761,0.877025485039,0.7
1762,0.853587985039,0.7
1763,0.877025485039,0.7
1764,0.866608798504,0.7
1765,0.877025485039,0.7
1766,0.896701395512,0.65
1767,0.877025485039,0.7
1768,0.819155097008,0.7
1769,0.879918992519,0.7
1770,0.909432888031,0.65
1771,0.857349514961,0.7
1772,0.941840291023,0.65
1773,0.863425910473,0.7
1774,0.877025485039,0.7
1775,0.857349514961,0.7
1776,0.837962985039,0.7
1777,0.866608798504,0.7
1778,0.877025485039,0.7
1779,0.866608798504,0.7
1780,0.837962985039,0.7
1781,0.92216438055,0.65
1782,0.877025485039,0.7
1783,0.857349514961,0.7
1784,0.837962985039,0.7
1785,0.92216438055,0.65
1786,0.877025485039,0.7
1787,0.853587985039,0.7
1788,0.877025485039,0.7
1789,0.866608798504,0.7
1790,0.877025485039,0.7
1791,0.866608798504,0.7
1792,0.816550910473,0.75
1793,0.866608798504,0.7
1794,0.795138895512,0.75
1795,0.941840291023,0.65
1796,0.795138895512,0.75
1797,0.881365716457,0.7
1798,0.795138895512,0.75
1799,0.941840291023,0.65
1800,0.795138895512,0.75
1801,0.941840291023,0.65
1802,0.795138895512,0.75
1803,0.941840291023,0.65
1804,0.795138895512,0.75
1805,0.941840291023,0.65
1806,0.795138895512,0.75
1807,0.941840291023,0.65
1808,0.795138895512,0.75
1809,0.941840291023,0.65
1810,0.795138895512,0.75
1811,0.926504611969,0.65
1812,0.795138895512,0.75
1813,0.941840291023,0.65
1814,0.877025485039,0.7
1815,0.866608798504,0.7
1816,0.795138895512,0.75
1817,0.941840291023,0.65
1818,0.795138895512,0.75
1819,0.941840291023,0.65
1820,0.795138895512,0.75
1821,0.877025485039,0.7
1822,0.866608798504,0.7
1823,0.941840291023,0.65
1824,0.795138895512,0.75
1825,0.941840291023,0.65
1826,0.795138895512,0.75
1827,0.92216438055,0.65
1828,0.795138895512,0.75
1829,0.941840291023,0.65
1830,0.795138895512,0.75
1831,0.941840291023,0.65
1832,0.795138895512,0.75
1833,0.941840291023,0.65
1834,0.795138895512,0.75
1835,0.941840291023,0.65
1836,0.795138895512,0.75
1837,0.941840291023,0.65
1838,0.795138895512,0.75
1839,0.941840291023,0.65
1840,0.795138895512,0.75
1841,0.926504611969,0.65
1842,0.795138895512,0.75
1843,0.941840291023,0.65
1844,0.795138895512,0.75
1845,0.941840291023,0.65
1846,0.795138895512,0.75
1847,0.941840291023,0.65
1848,0.795138895512,0.75
1849,0.941840291023,0.65
1850,0.795138895512,0.75
1851,0.941840291023,0.65
1852,0.795138895512,0.75
1853,0.941840291023,0.65
1854,0.795138895512,0.75
1855,0.941840291023,0.65
1856,0.795138895512,0.75
1857,0.941840291023,0.65
1858,0.795138895512,0.75
1859,0.941840291023,0.65
1860,0.795138895512,0.75
1861,0.941840291023,0.65
1862,0.795138895512,0.75
1863,0.941840291023,0.65
1864,0.795138895512,0.75
1865,0.816550910473,0.75
1866,0.866608798504,0.7
1867,0.941840291023,0.65
1868,0.795138895512,0.75
1869,0.941840291023,0.65
1870,0.795138895512,0.75
1871,0.816550910473,0.75
1872,0.866608798504,0.7
1873,0.866608798504,0.7
1874,0.941840291023,0.65
1875,0.941840291023,0.65
1876,0.795138895512,0.75
1877,0.816550910473,0.75
1878,0.795138895512,0.75
1879,0.866608798504,0.7
1880,0.877025485039,0.7
1881,0.866608798504,0.7
1882,0.877025485039,0.7
1883,0.909432888031,0.65
1884,0.877025485039,0.7
1885,0.877025485039,0.7
1886,0.909432888031,0.65
1887,0.877025485039,0.7
1888,0.909432888031,0.65
1889,0.877025485039,0.7
1890,0.909432888031,0.65
1891,0.877025485039,0.7
1892,0.941840291023,0.65
1893,0.837962985039,0.7
1894,0.941840291023,0.65
1895,0.837962985039,0.7
1896,0.907986104488,0.65
1897,0.941840291023,0.65
1898,0.837962985039,0.7
1899,0.941840291023,0.65
1900,0.816550910473,0.75
1901,0.8515625,0.7
1902,0.865162014961,0.7
1903,0.866608798504,0.7
1904,0.795138895512,0.75
1905,0.8515625,0.7
1906,0.865162014961,0.7
1907,0.941840291023,0.65
1908,0.795138895512,0.75
1909,0.941840291023,0.65
1910,0.795138895512,0.75
1911,0.926504611969,0.65
1912,0.795138895512,0.75
1913,0.941840291023,0.65
1914,0.795138895512,0.75
1915,0.941840291023,0.65
1916,0.795138895512,0.75
1917,0.941840291023,0.65
1918,0.795138895512,0.75
1919,0.941840291023,0.65
1920,0.795138895512,0.75
1921,0.941840291023,0.65
1922,0.795138895512,0.75
1923,0.8515625,0.7
1924,0.865162014961,0.7
1925,0.926504611969,0.65
1926,0.795138895512,0.75
1927,0.941840291023,0.65
1928,0.795138895512,0.75
1929,0.941840291023,0.65
1930,0.795138895512,0.75
1931,0.941840291023,0.65
1932,0.795138895512,0.75
1933,0.926504611969,0.65
1934,0.795138895512,0.75
1935,0.941840291023,0.65
1936,0.795138895512,0.75
1937,0.941840291023,0.65
1938,0.795138895512,0.75
1939,0.941840291023,0.65
1940,0.795138895512,0.75
1941,0.941840291023,0.65
1942,0.795138895512,0.75
1943,0.941840291023,0.65
1944,0.795138895512,0.75
1945,0.8515625,0.7
1946,0.865162014961,0.7
1947,0.776331007481,0.75
1948,0.816550910473,0.75
1949,0.866608798504,0.7
1950,0.816550910473,0.75
1951,0.866608798504,0.7
1952,0.816550910473,0.75
1953,0.866608798504,0.7
1954,0.877025485039,0.7
1955,0.866608798504,0.7
1956,0.877025485039,0.7
1957,0.941840291023,0.65
1958,0.837962985039,0.7
1959,0.909432888031,0.65
1960,0.877025485039,0.7
1961,0.909432888031,0.65
1962,0.940393507481,0.65
1963,0.909432888031,0.65
1964,0.877025485039,0.7
1965,0.941840291023,0.65
1966,0.877025485039,0.7
1967,0.819155097008,0.7
1968,0.865162014961,0.7
1969,0.941840291023,0.65
1970,0.795138895512,0.75
1971,0.837962985039,0.7
1972,0.881365716457,0.7
1973,0.877025485039,0.7
1974,0.866608798504,0.7
1975,0.877025485039,0.7
1976,0.866608798504,0.7
1977,0.837962985039,0.7
1978,0.840535998344,0.736842105263
1979,0.840535998344,0.736842105263
1980,0.840535998344,0.736842105263
1981,0.840535998344,0.736842105263
1982,0.840535998344,0.736842105263
1983,0.840535998344,0.736842105263
1984,0.840535998344,0.736842105263
1985,0.840535998344,0.736842105263
1986,0.840535998344,0.736842105263
1987,0.840535998344,0.736842105263
1988,0.840535998344,0.736842105263
1989,0.840535998344,0.736842105263
1990,0.840535998344,0.736842105263
1991,0.896147429943,0.684210526316
1992,0.840535998344,0.736842105263
1993,0.896147429943,0.684210526316
1994,0.840535998344,0.736842105263
1995,0.896147429943,0.684210526316
1996,0.840535998344,0.736842105263
1997,0.896147429943,0.684210526316
1998,0.840535998344,0.736842105263
1999,0.896147429943,0.684210526316
2000,0.840535998344,0.736842105263
2001,0.838190972805,0.736842105263
2002,0.896147429943,0.684210526316
2003,0.896147429943,0.684210526316
2004,0.840535998344,0.736842105263
2005,0.896147429943,0.684210526316
2006,0.840535998344,0.736842105263
2007,0.896147429943,0.684210526316
2008,0.840535998344,0.736842105263
2009,0.896147429943,0.684210526316
2010,0.840535998344,0.736842105263
2011,0.896147429943,0.684210526316
2012,0.840535998344,0.736842105263
2013,0.896147429943,0.684210526316
2014,0.848911225796,0.736842105263
2015,0.848911225796,0.736842105263
2016,0.896147429943,0.684210526316
2017,0.848911225796,0.736842105263
2018,0.896147429943,0.684210526316
2019,0.848911225796,0.736842105263
2020,0.896147429943,0.684210526316
2021,0.848911225796,0.736842105263
2022,0.896147429943,0.684210526316
2023,0.848911225796,0.736842105263
2024,0.896147429943,0.684210526316
2025,0.848911225796,0.736842105263
2026,0.896147429943,0.684210526316
2027,0.845561146736,0.736842105263
2028,0.838190972805,0.736842105263
2029,0.832495808601,0.736842105263
2030,0.896147429943,0.684210526316
2031,0.832495808601,0.736842105263
2032,0.896147429943,0.684210526316
2033,0.832495808601,0.736842105263
2034,0.896147429943,0.684210526316
2035,0.867336690426,0.684210526316
2036,0.848911225796,0.736842105263
2037,0.821775555611,0.736842105263
2038,0.896147429943,0.684210526316
2039,0.837520956993,0.736842105263
2040,0.845561146736,0.736842105263
2041,0.883082091808,0.684210526316
2042,0.845561146736,0.736842105263
2043,0.917252957821,0.684210526316
2044,0.845561146736,0.736842105263
2045,0.917252957821,0.684210526316
2046,0.845561146736,0.736842105263
2047,0.917252957821,0.684210526316
2048,0.845561146736,0.736842105263
2049,0.917252957821,0.684210526316
2050,0.845561146736,0.736842105263
2051,0.917252957821,0.684210526316
2052,0.845561146736,0.736842105263
2053,0.917252957821,0.684210526316
2054,0.845561146736,0.736842105263
2055,0.917252957821,0.684210526316
2056,0.845561146736,0.736842105263
2057,0.905862629414,0.684210526316
2058,0.880402028561,0.684210526316
2059,0.843886077404,0.736842105263
2060,0.845561146736,0.736842105263
2061,0.843886077404,0.736842105263
2062,0.845561146736,0.736842105263
2063,0.847236156464,0.736842105263
2064,0.918927967548,0.684210526316
2065,0.843886077404,0.736842105263
2066,0.843886077404,0.736842105263
2067,0.845561146736,0.736842105263
2068,0.918927967548,0.684210526316
2069,0.843886077404,0.736842105263
2070,0.843886077404,0.736842105263
2071,0.845561146736,0.736842105263
2072,0.918927967548,0.684210526316
2073,0.833165824413,0.736842105263
2074,0.843886077404,0.736842105263
2075,0.845561146736,0.736842105263
2076,0.848911225796,0.736842105263
2077,0.917252957821,0.684210526316
2078,0.845561146736,0.736842105263
2079,0.917252957821,0.684210526316
2080,0.845561146736,0.736842105263
2081,0.917252957821,0.684210526316
2082,0.845561146736,0.736842105263
2083,0.917252957821,0.684210526316
2084,0.845561146736,0.736842105263
2085,0.917252957821,0.684210526316
2086,0.845561146736,0.736842105263
2087,0.917252957821,0.684210526316
2088,0.845561146736,0.736842105263
2089,0.917252957821,0.684210526316
2090,0.845561146736,0.736842105263
2091,0.917252957821,0.684210526316
2092,0.880402028561,0.684210526316
2093,0.899497509003,0.684210526316
2094,0.845561146736,0.736842105263
2095,0.917252957821,0.684210526316
2096,0.845561146736,0.736842105263
2097,0.917252957821,0.684210526316
2098,0.880402028561,0.684210526316
2099,0.899497509003,0.684210526316
2100,0.880402028561,0.684210526316
2101,0.899497509003,0.684210526316
2102,0.895142376423,0.684210526316
2103,0.848911225796,0.736842105263
2104,0.843886077404,0.736842105263
2105,0.917252957821,0.684210526316
2106,0.834840893745,0.736842105263
2107,0.917252957821,0.684210526316
2108,0.845561146736,0.736842105263
2109,0.917252957821,0.684210526316
2110,0.845561146736,0.736842105263
2111,0.917252957821,0.684210526316
2112,0.845561146736,0.736842105263
2113,0.917252957821,0.684210526316
2114,0.896147429943,0.684210526316
2115,0.845561146736,0.736842105263
2116,0.917252957821,0.684210526316
2117,0.845561146736,0.736842105263
2118,0.899497509003,0.684210526316
2119,0.895142376423,0.684210526316
2120,0.901507556438,0.684210526316
2121,0.845561146736,0.736842105263
2122,0.917252957821,0.684210526316
2123,0.845561146736,0.736842105263
2124,0.917252957821,0.684210526316
2125,0.895142376423,0.684210526316
2126,0.917252957821,0.684210526316
2127,0.845561146736,0.736842105263
2128,0.917252957821,0.684210526316
2129,0.845561146736,0.736842105263
2130,0.901507556438,0.684210526316
2131,0.845561146736,0.736842105263
2132,0.917252957821,0.684210526316
2133,0.895142376423,0.684210526316
2134,0.847236156464,0.736842105263
2135,0.845561146736,0.736842105263
2136,0.917252957821,0.684210526316
2137,0.845561146736,0.736842105263
2138,0.917252957821,0.684210526316
2139,0.845561146736,0.736842105263
2140,0.917252957821,0.684210526316
2141,0.895142376423,0.684210526316
2142,0.901507556438,0.684210526316
2143,0.845561146736,0.736842105263
2144,0.917252957821,0.684210526316
2145,0.895142376423,0.684210526316
2146,0.848911225796,0.736842105263
2147,0.893467307091,0.684210526316
2148,0.848911225796,0.736842105263
2149,0.843886077404,0.736842105263
2150,0.917252957821,0.684210526316
2151,0.845561146736,0.736842105263
2152,0.917252957821,0.684210526316
2153,0.895142376423,0.684210526316
2154,0.901507556438,0.684210526316
2155,0.895142376423,0.684210526316
2156,0.848911225796,0.736842105263
2157,0.917252957821,0.684210526316
2158,0.845561146736,0.736842105263
2159,0.843886077404,0.736842105263
2160,0.917252957821,0.684210526316
2161,0.845561146736,0.736842105263
2162,0.918927967548,0.684210526316
2163,0.893467307091,0.684210526316
2164,0.901507556438,0.684210526316
2165,0.845561146736,0.736842105263
2166,0.918927967548,0.684210526316
2167,0.843886077404,0.736842105263
2168,0.918927967548,0.684210526316
2169,0.893467307091,0.684210526316
2170,0.848911225796,0.736842105263
2171,0.917252957821,0.684210526316
2172,0.845561146736,0.736842105263
2173,0.917252957821,0.684210526316
2174,0.845561146736,0.736842105263
2175,0.917252957821,0.684210526316
2176,0.845561146736,0.736842105263
2177,0.917252957821,0.684210526316
2178,0.845561146736,0.736842105263
2179,0.917252957821,0.684210526316
2180,0.845561146736,0.736842105263
2181,0.917252957821,0.684210526316
2182,0.845561146736,0.736842105263
2183,0.899497509003,0.684210526316
2184,0.880402028561,0.684210526316
2185,0.918927967548,0.684210526316
2186,0.843886077404,0.736842105263
2187,0.917252957821,0.684210526316
2188,0.845561146736,0.736842105263
2189,0.918927967548,0.684210526316
2190,0.843886077404,0.736842105263
2191,0.918927967548,0.684210526316
2192,0.843886077404,0.736842105263
2193,0.918927967548,0.684210526316
2194,0.843886077404,0.736842105263
2195,0.918927967548,0.684210526316
2196,0.843886077404,0.736842105263
2197,0.918927967548,0.684210526316
2198,0.843886077404,0.736842105263
2199,0.918927967548,0.684210526316
2200,0.843886077404,0.736842105263
2201,0.90117251873,0.684210526316
2202,0.878726959229,0.684210526316
2203,0.918927967548,0.684210526316
2204,0.843886077404,0.736842105263
2205,0.90117251873,0.684210526316
2206,0.878726959229,0.684210526316
2207,0.90117251873,0.684210526316
2208,0.878726959229,0.684210526316
2209,0.918927967548,0.684210526316
2210,0.845561146736,0.736842105263
2211,0.899497509003,0.684210526316
2212,0.880402028561,0.684210526316
2213,0.917252957821,0.684210526316
2214,0.845561146736,0.736842105263
2215,0.899497509003,0.684210526316
2216,0.845561146736,0.736842105263
2217,0.917252957821,0.684210526316
2218,0.880402028561,0.684210526316
2219,0.899497509003,0.684210526316
2220,0.845561146736,0.736842105263
2221,0.917252957821,0.684210526316
2222,0.845561146736,0.736842105263
2223,0.917252957821,0.684210526316
2224,0.895477414131,0.684210526316
2225,0.895142376423,0.684210526316
2226,0.845561146736,0.736842105263
2227,0.899497509003,0.684210526316
2228,0.845561146736,0.736842105263
2229,0.917252957821,0.684210526316
2230,0.830485761166,0.736842105263
2231,0.917252957821,0.684210526316
2232,0.845561146736,0.736842105263
2233,0.899497509003,0.684210526316
2234,0.918257951736,0.631578947368
2235,0.917252957821,0.684210526316
2236,0.845561146736,0.736842105263
2237,0.917252957821,0.684210526316
2238,0.845561146736,0.736842105263
2239,0.917252957821,0.684210526316
2240,0.845561146736,0.736842105263
2241,0.899497509003,0.684210526316
2242,0.895477414131,0.684210526316
2243,0.845561146736,0.736842105263
2244,0.918927967548,0.684210526316
2245,0.918927967548,0.684210526316
2246,0.843886077404,0.736842105263
2247,0.895142376423,0.684210526316
2248,0.843886077404,0.736842105263
2249,0.918927967548,0.684210526316
2250,0.901507556438,0.684210526316
2251,0.895142376423,0.684210526316
2252,0.901507556438,0.684210526316
2253,0.895142376423,0.684210526316
2254,0.901507556438,0.684210526316
2255,0.895142376423,0.684210526316
2256,0.901507556438,0.684210526316
2257,0.895142376423,0.684210526316
2258,0.901507556438,0.684210526316
2259,0.895142376423,0.684210526316
2260,0.845561146736,0.736842105263
2261,0.917252957821,0.684210526316
2262,0.845561146736,0.736842105263
2263,0.917252957821,0.684210526316
2264,0.848911225796,0.736842105263
2265,0.893467307091,0.684210526316
2266,0.901507556438,0.684210526316
2267,0.895142376423,0.684210526316
2268,0.845561146736,0.736842105263
2269,0.917252957821,0.684210526316
2270,0.90117251873,0.684210526316
2271,0.843886077404,0.736842105263
2272,0.918927967548,0.684210526316
2273,0.843886077404,0.736842105263
2274,0.918927967548,0.684210526316
2275,0.843886077404,0.736842105263
2276,0.918927967548,0.684210526316
2277,0.843886077404,0.736842105263
2278,0.896147429943,0.684210526316
2279,0.893467307091,0.684210526316
2280,0.90117251873,0.684210526316
2281,0.843886077404,0.736842105263
2282,0.918927967548,0.684210526316
2283,0.843886077404,0.736842105263
2284,0.918927967548,0.684210526316
2285,0.843886077404,0.736842105263
2286,0.917252957821,0.684210526316
2287,0.845561146736,0.736842105263
2288,0.917252957821,0.684210526316
2289,0.845561146736,0.736842105263
2290,0.918927967548,0.684210526316
2291,0.843886077404,0.736842105263
2292,0.918927967548,0.684210526316
2293,0.843886077404,0.736842105263
2294,0.895142376423,0.684210526316
2295,0.901507556438,0.684210526316
2296,0.918927967548,0.684210526316
2297,0.843886077404,0.736842105263
2298,0.918927967548,0.684210526316
2299,0.843886077404,0.736842105263
2300,0.918927967548,0.684210526316
2301,0.843886077404,0.736842105263
2302,0.918927967548,0.684210526316
2303,0.843886077404,0.736842105263
2304,0.918927967548,0.684210526316
2305,0.84112149477,0.722222222222
2306,0.851905107498,0.722222222222
2307,0.851905107498,0.722222222222
2308,0.851905107498,0.722222222222
2309,0.851905107498,0.722222222222
2310,0.851905107498,0.722222222222
2311,0.851905107498,0.722222222222
2312,0.851905107498,0.722222222222
2313,0.844716012478,0.722222222222
2314,0.844716012478,0.722222222222
2315,0.844716012478,0.722222222222
2316,0.851905107498,0.722222222222
2317,0.851905107498,0.722222222222
2318,0.851905107498,0.722222222222
2319,0.851905107498,0.722222222222
2320,0.886053204536,0.666666666667
2321,0.851905107498,0.722222222222
2322,0.851905107498,0.722222222222
2323,0.851905107498,0.722222222222
2324,0.851905107498,0.722222222222
2325,0.834291875362,0.722222222222
2326,0.844716012478,0.722222222222
2327,0.844716012478,0.722222222222
2328,0.851905107498,0.722222222222
2329,0.844716012478,0.722222222222
2330,0.851905107498,0.722222222222
2331,0.851905107498,0.722222222222
2332,0.840402603149,0.722222222222
2333,0.844716012478,0.722222222222
2334,0.844716012478,0.722222222222
2335,0.851905107498,0.722222222222
2336,0.844716012478,0.722222222222
2337,0.844716012478,0.722222222222
2338,0.886412680149,0.666666666667
2339,0.851905107498,0.722222222222
2340,0.851905107498,0.722222222222
2341,0.851905107498,0.722222222222
2342,0.84112149477,0.722222222222
2343,0.844716012478,0.722222222222
2344,0.844716012478,0.722222222222
2345,0.84112149477,0.722222222222
2346,0.844716012478,0.722222222222
2347,0.844716012478,0.722222222222
2348,0.851905107498,0.722222222222
2349,0.851905107498,0.722222222222
2350,0.844716012478,0.722222222222
2351,0.851905107498,0.722222222222
2352,0.844716012478,0.722222222222
2353,0.844716012478,0.722222222222
2354,0.840402603149,0.722222222222
2355,0.912652790546,0.666666666667
2356,0.844716012478,0.722222222222
2357,0.917685091496,0.666666666667
2358,0.852623999119,0.722222222222
2359,0.941049575806,0.666666666667
2360,0.849029481411,0.722222222222
2361,0.941049575806,0.666666666667
2362,0.849029481411,0.722222222222
2363,0.941049575806,0.666666666667
2364,0.849029481411,0.722222222222
2365,0.941049575806,0.666666666667
2366,0.80158162117,0.777777777778
2367,0.941049575806,0.666666666667
2368,0.849029481411,0.722222222222
2369,0.941049575806,0.666666666667
2370,0.880301952362,0.722222222222
2371,0.862329244614,0.722222222222
2372,0.880301952362,0.722222222222
2373,0.862329244614,0.722222222222
2374,0.80158162117,0.777777777778
2375,0.90330696106,0.666666666667
2376,0.862329244614,0.722222222222
2377,0.927749812603,0.666666666667
2378,0.862329244614,0.722222222222
2379,0.927749812603,0.666666666667
2380,0.862329244614,0.722222222222
2381,0.927749812603,0.666666666667
2382,0.862329244614,0.722222222222
2383,0.927749812603,0.666666666667
2384,0.862329244614,0.722222222222
2385,0.927749812603,0.666666666667
2386,0.941049575806,0.666666666667
2387,0.862329244614,0.722222222222
2388,0.80158162117,0.777777777778
2389,0.927749812603,0.666666666667
2390,0.862329244614,0.722222222222
2391,0.927749812603,0.666666666667
2392,0.862329244614,0.722222222222
2393,0.927749812603,0.666666666667
2394,0.862329244614,0.722222222222
2395,0.941049575806,0.666666666667
2396,0.768871307373,0.777777777778
2397,0.941049575806,0.666666666667
2398,0.768871307373,0.777777777778
2399,0.927749812603,0.666666666667
2400,0.768871307373,0.777777777778
2401,0.941049575806,0.666666666667
2402,0.768871307373,0.777777777778
2403,0.941049575806,0.666666666667
2404,0.768871307373,0.777777777778
2405,0.941049575806,0.666666666667
2406,0.768871307373,0.777777777778
2407,0.941049575806,0.666666666667
2408,0.862329244614,0.722222222222
2409,0.847591638565,0.722222222222
2410,0.768871307373,0.777777777778
2411,0.941049575806,0.666666666667
2412,0.922717452049,0.666666666667
2413,0.847591638565,0.722222222222
2414,0.768871307373,0.777777777778
2415,0.822070479393,0.722222222222
2416,0.924155294895,0.666666666667
2417,0.768871307373,0.777777777778
2418,0.941049575806,0.666666666667
2419,0.768871307373,0.777777777778
2420,0.941049575806,0.666666666667
2421,0.768871307373,0.777777777778
2422,0.941049575806,0.666666666667
2423,0.822070479393,0.722222222222
2424,0.924155294895,0.666666666667
2425,0.768871307373,0.777777777778
2426,0.941049575806,0.666666666667
2427,0.862329244614,0.722222222222
2428,0.847591638565,0.722222222222
2429,0.840043127537,0.722222222222
2430,0.847591638565,0.722222222222
2431,0.768871307373,0.777777777778
2432,0.941049575806,0.666666666667
2433,0.768871307373,0.777777777778
2434,0.847591638565,0.722222222222
2435,0.921998560429,0.666666666667
2436,0.768871307373,0.777777777778
2437,0.916606783867,0.666666666667
2438,0.768871307373,0.777777777778
2439,0.941049575806,0.666666666667
2440,0.768871307373,0.777777777778
2441,0.941049575806,0.666666666667
2442,0.847591638565,0.722222222222
2443,0.862329244614,0.722222222222
2444,0.915528416634,0.666666666667
2445,0.924155294895,0.666666666667
2446,0.768871307373,0.777777777778
2447,0.847591638565,0.722222222222
2448,0.822070479393,0.722222222222
2449,0.865923821926,0.722222222222
2450,0.768871307373,0.777777777778
2451,0.941049575806,0.666666666667
2452,0.941049575806,0.666666666667
2453,0.768871307373,0.777777777778
2454,0.922717452049,0.666666666667
2455,0.768871307373,0.777777777778
2456,0.847591638565,0.722222222222
2457,0.862329244614,0.722222222222
2458,0.941049575806,0.666666666667
2459,0.768871307373,0.777777777778
2460,0.916606783867,0.666666666667
2461,0.847591638565,0.722222222222
2462,0.768871307373,0.777777777778
2463,0.862329244614,0.722222222222
2464,0.941049575806,0.666666666667
2465,0.768871307373,0.777777777778
2466,0.847591638565,0.722222222222
2467,0.915528416634,0.666666666667
2468,0.828540623188,0.722222222222
2469,0.768871307373,0.777777777778
2470,0.917685091496,0.666666666667
2471,0.915528416634,0.666666666667
2472,0.828540623188,0.722222222222
2473,0.899712443352,0.666666666667
2474,0.772465825081,0.777777777778
2475,0.941049575806,0.666666666667
2476,0.768871307373,0.777777777778
2477,0.847591638565,0.722222222222
2478,0.862329244614,0.722222222222
2479,0.847591638565,0.722222222222
2480,0.862329244614,0.722222222222
2481,0.941049575806,0.666666666667
2482,0.768871307373,0.777777777778
2483,0.922717452049,0.666666666667
2484,0.768871307373,0.777777777778
2485,0.941049575806,0.666666666667
2486,0.768871307373,0.777777777778
2487,0.917685091496,0.666666666667
2488,0.822070479393,0.722222222222
2489,0.921998560429,0.666666666667
2490,0.768871307373,0.777777777778
2491,0.847591638565,0.722222222222
2492,0.862329244614,0.722222222222
2493,0.847591638565,0.722222222222
2494,0.862329244614,0.722222222222
2495,0.823148787022,0.722222222222
2496,0.941049575806,0.666666666667
2497,0.768871307373,0.777777777778
2498,0.847591638565,0.722222222222
2499,0.862329244614,0.722222222222
2500,0.768871307373,0.777777777778
2501,0.941049575806,0.666666666667
2502,0.847591638565,0.722222222222
2503,0.862329244614,0.722222222222
2504,0.828540623188,0.722222222222
2505,0.917685091496,0.666666666667
2506,0.847591638565,0.722222222222
2507,0.862329244614,0.722222222222
2508,0.829259514809,0.722222222222
2509,0.862329244614,0.722222222222
2510,0.847591638565,0.722222222222
2511,0.862329244614,0.722222222222
2512,0.847591638565,0.722222222222
2513,0.924155294895,0.666666666667
2514,0.847591638565,0.722222222222
2515,0.862329244614,0.722222222222
2516,0.847591638565,0.722222222222
2517,0.924155294895,0.666666666667
2518,0.847591638565,0.722222222222
2519,0.862329244614,0.722222222222
2520,0.847591638565,0.722222222222
2521,0.924155294895,0.666666666667
2522,0.847591638565,0.722222222222
2523,0.924155294895,0.666666666667
2524,0.847591638565,0.722222222222
2525,0.924155294895,0.666666666667
2526,0.847591638565,0.722222222222
2527,0.862329244614,0.722222222222
2528,0.847591638565,0.722222222222
2529,0.846153855324,0.722222222222
2530,0.828540623188,0.722222222222
2531,0.924155294895,0.666666666667
2532,0.847591638565,0.722222222222
2533,0.924155294895,0.666666666667
2534,0.847591638565,0.722222222222
2535,0.924155294895,0.666666666667
2536,0.847591638565,0.722222222222
2537,0.862329244614,0.722222222222
2538,0.847591638565,0.722222222222
2539,0.862329244614,0.722222222222
2540,0.847591638565,0.722222222222
2541,0.924155294895,0.666666666667
2542,0.847591638565,0.722222222222
2543,0.862329244614,0.722222222222
2544,0.847591638565,0.722222222222
2545,0.917685091496,0.666666666667
2546,0.847591638565,0.722222222222
2547,0.924155294895,0.666666666667
2548,0.847591638565,0.722222222222
2549,0.862329244614,0.722222222222
2550,0.847591638565,0.722222222222
2551,0.862329244614,0.722222222222
2552,0.828540623188,0.722222222222
2553,0.890253245831,0.705882352941
2554,0.890253245831,0.705882352941
2555,0.890253245831,0.705882352941
2556,0.890253245831,0.705882352941
2557,0.878741383553,0.705882352941
2558,0.890253245831,0.705882352941
2559,0.890253245831,0.705882352941
2560,0.890253245831,0.705882352941
2561,0.890253245831,0.705882352941
2562,0.890253245831,0.705882352941
2563,0.890253245831,0.705882352941
2564,0.890253245831,0.705882352941
2565,0.890253245831,0.705882352941
2566,0.890253245831,0.705882352941
2567,0.890253245831,0.705882352941
2568,0.890253245831,0.705882352941
2569,0.890253245831,0.705882352941
2570,0.890253245831,0.705882352941
2571,0.890253245831,0.705882352941
2572,0.890253245831,0.705882352941
2573,0.890253245831,0.705882352941
2574,0.890253245831,0.705882352941
2575,0.890253245831,0.705882352941
2576,0.890253245831,0.705882352941
2577,0.890253245831,0.705882352941
2578,0.890253245831,0.705882352941
2579,0.890253245831,0.705882352941
2580,0.890253245831,0.705882352941
2581,0.890253245831,0.705882352941
2582,0.890253245831,0.705882352941
2583,0.890253245831,0.705882352941
2584,0.890253245831,0.705882352941
2585,0.890253245831,0.705882352941
2586,0.878741383553,0.705882352941
2587,0.890253245831,0.705882352941
2588,0.890253245831,0.705882352941
2589,0.890253245831,0.705882352941
2590,0.890253245831,0.705882352941
2591,0.890253245831,0.705882352941
2592,0.890253245831,0.705882352941
2593,0.890253245831,0.705882352941
2594,0.895625472069,0.705882352941
2595,0.902532637119,0.705882352941
2596,0.920567929745,0.705882352941
2597,0.902532637119,0.705882352941
2598,0.920567929745,0.705882352941
2599,0.890253245831,0.705882352941
2600,0.886799693108,0.705882352941
2601,0.890253245831,0.705882352941
2602,0.920567929745,0.705882352941
2603,0.902532637119,0.705882352941
2604,0.886799693108,0.705882352941
2605,0.902532637119,0.705882352941
2606,0.886799693108,0.705882352941
2607,0.902532637119,0.705882352941
2608,0.886799693108,0.705882352941
2609,0.902532637119,0.705882352941
2610,0.886799693108,0.705882352941
2611,0.902532637119,0.705882352941
2612,0.886799693108,0.705882352941
2613,0.902532637119,0.705882352941
2614,0.886799693108,0.705882352941
2615,0.902532637119,0.705882352941
2616,0.886799693108,0.705882352941
2617,0.902532637119,0.705882352941
2618,0.902532637119,0.705882352941
2619,0.920567929745,0.705882352941
2620,0.920567929745,0.705882352941
2621,0.902532637119,0.705882352941
2622,0.920567929745,0.705882352941
2623,0.902532637119,0.705882352941
2624,0.920567929745,0.705882352941
2625,0.902532637119,0.705882352941
2626,0.920567929745,0.705882352941
2627,0.902532637119,0.705882352941
2628,0.920567929745,0.705882352941
2629,0.902532637119,0.705882352941
2630,0.920567929745,0.705882352941
2631,0.902532637119,0.705882352941
2632,0.920567929745,0.705882352941
2633,0.902532637119,0.705882352941
2634,0.920567929745,0.705882352941
2635,0.902532637119,0.705882352941
2636,0.920567929745,0.705882352941
2637,0.902532637119,0.705882352941
2638,0.920567929745,0.705882352941
2639,0.902532637119,0.705882352941
2640,0.920567929745,0.705882352941
2641,0.902532637119,0.705882352941
2642,0.920567929745,0.705882352941
2643,0.902532637119,0.705882352941
2644,0.920567929745,0.705882352941
2645,0.900230228901,0.705882352941
2646,0.902532637119,0.705882352941
2647,0.902532637119,0.705882352941
2648,0.920567929745,0.705882352941
2649,0.902532637119,0.705882352941
2650,0.920567929745,0.705882352941
2651,0.920567929745,0.705882352941
2652,0.895625472069,0.705882352941
2653,0.902532637119,0.705882352941
2654,0.920567929745,0.705882352941
2655,0.902532637119,0.705882352941
2656,0.920567929745,0.705882352941
2657,0.902532637119,0.705882352941
2658,0.920567929745,0.705882352941
2659,0.902532637119,0.705882352941
2660,0.920567929745,0.705882352941
2661,0.902532637119,0.705882352941
2662,0.920567929745,0.705882352941
2663,0.902532637119,0.705882352941
2664,0.920567929745,0.705882352941
2665,0.902532637119,0.705882352941
2666,0.920567929745,0.705882352941
2667,0.902532637119,0.705882352941
2668,0.920567929745,0.705882352941
2669,0.902532637119,0.705882352941
2670,0.920567929745,0.705882352941
2671,0.902532637119,0.705882352941
2672,0.920567929745,0.705882352941
2673,0.902532637119,0.705882352941
2674,0.902532637119,0.705882352941
2675,0.920567929745,0.705882352941
2676,0.902532637119,0.705882352941
2677,0.920567929745,0.705882352941
2678,0.902532637119,0.705882352941
2679,0.920567929745,0.705882352941
2680,0.902532637119,0.705882352941
2681,0.920567929745,0.705882352941
2682,0.900230228901,0.705882352941
2683,0.895625472069,0.705882352941
2684,0.920567929745,0.705882352941
2685,0.902532637119,0.705882352941
2686,0.900230228901,0.705882352941
2687,0.902532637119,0.705882352941
2688,0.920567929745,0.705882352941
2689,0.902532637119,0.705882352941
2690,0.920567929745,0.705882352941
2691,0.902532637119,0.705882352941
2692,0.920567929745,0.705882352941
2693,0.902532637119,0.705882352941
2694,0.920567929745,0.705882352941
2695,0.902532637119,0.705882352941
2696,0.920567929745,0.705882352941
2697,0.920567929745,0.705882352941
2698,0.902532637119,0.705882352941
2699,0.920567929745,0.705882352941
2700,0.902532637119,0.705882352941
2701,0.920567929745,0.705882352941
2702,0.902532637119,0.705882352941
2703,0.920567929745,0.705882352941
2704,0.902532637119,0.705882352941
2705,0.902532637119,0.705882352941
2706,0.920567929745,0.705882352941
2707,0.920567929745,0.705882352941
2708,0.902532637119,0.705882352941
2709,0.920567929745,0.705882352941
2710,0.895625472069,0.705882352941
2711,0.900230228901,0.705882352941
2712,0.902532637119,0.705882352941
2713,0.920567929745,0.705882352941
2714,0.902532637119,0.705882352941
2715,0.920567929745,0.705882352941
2716,0.902532637119,0.705882352941
2717,0.902532637119,0.705882352941
2718,0.920567929745,0.705882352941
2719,0.902532637119,0.705882352941
2720,0.920567929745,0.705882352941
2721,0.920567929745,0.705882352941
2722,0.902532637119,0.705882352941
2723,0.902532637119,0.705882352941
2724,0.920567929745,0.705882352941
2725,0.920567929745,0.705882352941
2726,0.902532637119,0.705882352941
2727,0.902532637119,0.705882352941
2728,0.920567929745,0.705882352941
2729,0.895625472069,0.705882352941
2730,0.920567929745,0.705882352941
2731,0.900230228901,0.705882352941
2732,0.902532637119,0.705882352941
2733,0.902532637119,0.705882352941
2734,0.920567929745,0.705882352941
2735,0.902532637119,0.705882352941
2736,0.920567929745,0.705882352941
2737,0.902532637119,0.705882352941
2738,0.920567929745,0.705882352941
2739,0.902532637119,0.705882352941
2740,0.920567929745,0.705882352941
2741,0.920567929745,0.705882352941
2742,0.902532637119,0.705882352941
2743,0.902532637119,0.705882352941
2744,0.920567929745,0.705882352941
2745,0.902532637119,0.705882352941
2746,0.920567929745,0.705882352941
2747,0.902532637119,0.705882352941
2748,0.920567929745,0.705882352941
2749,0.902532637119,0.705882352941
2750,0.920567929745,0.705882352941
2751,0.89447426796,0.705882352941
2752,0.920567929745,0.705882352941
2753,0.900230228901,0.705882352941
2754,0.902532637119,0.705882352941
2755,0.902532637119,0.705882352941
2756,0.920567929745,0.705882352941
2757,0.902532637119,0.705882352941
2758,0.920567929745,0.705882352941
2759,0.920567929745,0.705882352941
2760,0.902532637119,0.705882352941
2761,0.920567929745,0.705882352941
2762,0.902532637119,0.705882352941
2763,0.920567929745,0.705882352941
2764,0.902532637119,0.705882352941
2765,0.920567929745,0.705882352941
2766,0.902532637119,0.705882352941
2767,0.920567929745,0.705882352941
2768,0.85204488039,0.75
2769,0.85204488039,0.75
2770,0.85204488039,0.75
2771,0.85204488039,0.75
2772,0.85204488039,0.75
2773,0.85204488039,0.75
2774,0.85204488039,0.75
2775,0.85204488039,0.75
2776,0.85204488039,0.75
2777,0.85204488039,0.75
2778,0.85204488039,0.75
2779,0.85204488039,0.75
2780,0.85204488039,0.75
2781,0.85204488039,0.75
2782,0.85204488039,0.75
2783,0.85204488039,0.75
2784,0.85204488039,0.75
2785,0.85204488039,0.75
2786,0.85204488039,0.75
2787,0.85204488039,0.75
2788,0.85204488039,0.75
2789,0.85204488039,0.75
2790,0.85204488039,0.75
2791,0.85204488039,0.75
2792,0.85204488039,0.75
2793,0.85204488039,0.75
2794,0.85204488039,0.75
2795,0.85204488039,0.75
2796,0.85204488039,0.75
2797,0.85204488039,0.75
2798,0.85204488039,0.75
2799,0.85204488039,0.75
2800,0.85204488039,0.75
2801,0.85204488039,0.75
2802,0.85204488039,0.75
2803,0.85204488039,0.75
2804,0.864875674248,0.75
2805,0.85204488039,0.75
2806,0.85204488039,0.75
2807,0.864875674248,0.75
2808,0.924218118191,0.6875
2809,0.864875674248,0.75
2810,0.924218118191,0.6875
2811,0.864875674248,0.75
2812,0.924218118191,0.6875
2813,0.864875674248,0.75
2814,0.924218118191,0.6875
2815,0.864875674248,0.75
2816,0.924218118191,0.6875
2817,0.864875674248,0.75
2818,0.924218118191,0.6875
2819,0.864875674248,0.75
2820,0.924218118191,0.6875
2821,0.864875674248,0.75
2822,0.924218118191,0.6875
2823,0.864875674248,0.75
2824,0.924218118191,0.6875
2825,0.864875674248,0.75
2826,0.924218118191,0.6875
2827,0.864875674248,0.75
2828,0.924218118191,0.6875
2829,0.864875674248,0.75
2830,0.906575798988,0.6875
2831,0.864875674248,0.75
2832,0.924218118191,0.6875
2833,0.864875674248,0.75
2834,0.924218118191,0.6875
2835,0.903769016266,0.6875
2836,0.864875674248,0.75
2837,0.924218118191,0.6875
2838,0.864875674248,0.75
2839,0.924218118191,0.6875
2840,0.864875674248,0.75
2841,0.924218118191,0.6875
2842,0.864875674248,0.75
2843,0.924218118191,0.6875
2844,0.864875674248,0.75
2845,0.924218118191,0.6875
2846,0.864875674248,0.75
2847,0.924218118191,0.6875
2848,0.864875674248,0.75
2849,0.924218118191,0.6875
2850,0.8468323946,0.75
2851,0.864875674248,0.75
2852,0.864875674248,0.75
2853,0.924218118191,0.6875
2854,0.864875674248,0.75
2855,0.924218118191,0.6875
2856,0.864875674248,0.75
2857,0.924218118191,0.6875
2858,0.864875674248,0.75
2859,0.924218118191,0.6875
2860,0.85204488039,0.75
2861,0.924218118191,0.6875
2862,0.864875674248,0.75
2863,0.924218118191,0.6875
2864,0.864875674248,0.75
2865,0.924218118191,0.6875
2866,0.864875674248,0.75
2867,0.924218118191,0.6875
2868,0.864875674248,0.75
2869,0.924218118191,0.6875
2870,0.864875674248,0.75
2871,0.924218118191,0.6875
2872,0.864875674248,0.75
2873,0.924218118191,0.6875
2874,0.864875674248,0.75
2875,0.924218118191,0.6875
2876,0.864875674248,0.75
2877,0.924218118191,0.6875
2878,0.864875674248,0.75
2879,0.924218118191,0.6875
2880,0.864875674248,0.75
2881,0.85204488039,0.75
2882,0.924218118191,0.6875
2883,0.924218118191,0.6875
2884,0.864875674248,0.75
2885,0.864875674248,0.75
2886,0.924218118191,0.6875
2887,0.924218118191,0.6875
2888,0.864875674248,0.75
2889,0.864875674248,0.75
2890,0.864875674248,0.75
2891,0.924218118191,0.6875
2892,0.924218118191,0.6875
2893,0.864875674248,0.75
2894,0.924218118191,0.6875
2895,0.864875674248,0.75
2896,0.924218118191,0.6875
2897,0.864875674248,0.75
2898,0.924218118191,0.6875
2899,0.864875674248,0.75
2900,0.924218118191,0.6875
2901,0.864875674248,0.75
2902,0.864875674248,0.75
2903,0.924218118191,0.6875
2904,0.924218118191,0.6875
2905,0.864875674248,0.75
2906,0.924218118191,0.6875
2907,0.864875674248,0.75
2908,0.924218118191,0.6875
2909,0.864875674248,0.75
2910,0.870981931686,0.733333333333
2911,0.870981931686,0.733333333333
2912,0.870981931686,0.733333333333
2913,0.870981931686,0.733333333333
2914,0.870981931686,0.733333333333
2915,0.87529194355,0.714285714286
2916,0.87529194355,0.714285714286
2917,0.87529194355,0.714285714286
2918,0.87529194355,0.714285714286
2919,0.87529194355,0.714285714286
2920,0.87529194355,0.714285714286
2921,0.87529194355,0.714285714286
2922,0.87529194355,0.714285714286
2923,0.87529194355,0.714285714286
2924,0.87529194355,0.714285714286
2925,0.87529194355,0.714285714286
2926,0.87529194355,0.714285714286
2927,0.87529194355,0.714285714286
2928,0.87529194355,0.714285714286
2929,0.87529194355,0.714285714286
2930,0.87529194355,0.714285714286
2931,0.87529194355,0.714285714286
2932,0.87529194355,0.714285714286
2933,0.87529194355,0.714285714286
2934,0.87529194355,0.714285714286
2935,0.87529194355,0.714285714286
2936,0.87529194355,0.714285714286
2937,0.87529194355,0.714285714286
2938,0.87529194355,0.714285714286
2939,0.87529194355,0.714285714286
2940,0.87529194355,0.714285714286
2941,0.861279785633,0.714285714286
2942,0.87529194355,0.714285714286
2943,0.861279785633,0.714285714286
2944,0.827183544636,0.714285714286
2945,0.89023822546,0.714285714286
2946,0.827183544636,0.714285714286
2947,0.861279785633,0.714285714286
2948,0.835590839386,0.714285714286
2949,0.827183544636,0.714285714286
2950,0.849602997303,0.714285714286
2951,0.861279785633,0.714285714286
2952,0.849602997303,0.714285714286
2953,0.861279785633,0.714285714286
2954,0.849602997303,0.714285714286
2955,0.89023822546,0.714285714286
2956,0.849602997303,0.714285714286
2957,0.861279785633,0.714285714286
2958,0.849602997303,0.714285714286
2959,0.861279785633,0.714285714286
2960,0.849602997303,0.714285714286
2961,0.861279785633,0.714285714286
2962,0.849602997303,0.714285714286
2963,0.861279785633,0.714285714286
2964,0.849602997303,0.714285714286
2965,0.861279785633,0.714285714286
2966,0.87529194355,0.714285714286
2967,0.835590839386,0.714285714286
2968,0.849602997303,0.714285714286
2969,0.861279785633,0.714285714286
2970,0.849602997303,0.714285714286
2971,0.959364771843,0.642857142857
2972,0.87529194355,0.714285714286
2973,0.933675825596,0.642857142857
2974,0.87529194355,0.714285714286
2975,0.933675825596,0.642857142857
2976,0.842129826546,0.714285714286
2977,0.909855186939,0.642857142857
2978,0.911256432533,0.642857142857
2979,0.842129826546,0.714285714286
2980,0.885567486286,0.642857142857
2981,0.842129826546,0.714285714286
2982,0.885567486286,0.642857142857
2983,0.911256432533,0.642857142857
2984,0.864549279213,0.714285714286
2985,0.911256432533,0.642857142857
2986,0.816440939903,0.714285714286
2987,0.911256432533,0.642857142857
2988,0.842129826546,0.714285714286
2989,0.885567486286,0.642857142857
2990,0.911256432533,0.642857142857
2991,0.816440939903,0.714285714286
2992,0.911256432533,0.642857142857
2993,0.865016341209,0.642857142857
2994,0.842129826546,0.714285714286
2995,0.911256432533,0.642857142857
2996,0.816440939903,0.714285714286
2997,0.911256432533,0.642857142857
2998,0.816440939903,0.714285714286
2999,0.911256432533,0.642857142857
3000,0.885567486286,0.642857142857
3001,0.89023822546,0.714285714286
3002,0.911256432533,0.642857142857
3003,0.864549279213,0.714285714286
3004,0.911256432533,0.642857142857
3005,0.864549279213,0.714285714286
3006,0.911256432533,0.642857142857
3007,0.864549279213,0.714285714286
3008,0.911256432533,0.642857142857
3009,0.959364771843,0.642857142857
3010,0.864549279213,0.714285714286
3011,0.911256432533,0.642857142857
3012,0.864549279213,0.714285714286
3013,0.911256432533,0.642857142857
3014,0.933675825596,0.642857142857
3015,0.89023822546,0.714285714286
3016,0.885567486286,0.642857142857
3017,0.89023822546,0.714285714286
3018,0.885567486286,0.642857142857
3019,0.89023822546,0.714285714286
3020,0.885567486286,0.642857142857
3021,0.959364771843,0.642857142857
3022,0.842129826546,0.714285714286
3023,0.933675825596,0.642857142857
3024,0.89023822546,0.714285714286
3025,0.885567486286,0.642857142857
3026,0.89023822546,0.714285714286
3027,0.885567486286,0.642857142857
3028,0.959364771843,0.642857142857
3029,0.842129826546,0.714285714286
3030,0.933675825596,0.642857142857
3031,0.89023822546,0.714285714286
3032,0.885567486286,0.642857142857
3033,0.959364771843,0.642857142857
3034,0.816440939903,0.714285714286
3035,0.959364771843,0.642857142857
3036,0.816440939903,0.714285714286
3037,0.959364771843,0.642857142857
3038,0.842129826546,0.714285714286
3039,0.933675825596,0.642857142857
3040,0.89023822546,0.714285714286
3041,0.885567486286,0.642857142857
3042,0.959364771843,0.642857142857
3043,0.816440939903,0.714285714286
3044,0.959364771843,0.642857142857
3045,0.816440939903,0.714285714286
3046,0.959364771843,0.642857142857
3047,0.89023822546,0.714285714286
3048,0.885567486286,0.642857142857
3049,0.959364771843,0.642857142857
3050,0.816440939903,0.714285714286
3051,0.959364771843,0.642857142857
3052,0.842129826546,0.714285714286
3053,0.933675825596,0.642857142857
3054,0.959364771843,0.642857142857
3055,0.816440939903,0.714285714286
3056,0.959364771843,0.642857142857
3057,0.816440939903,0.714285714286
3058,0.959364771843,0.642857142857
3059,0.816440939903,0.714285714286
3060,0.959364771843,0.642857142857
3061,0.933675825596,0.642857142857
3062,0.842129826546,0.714285714286
3063,0.959364771843,0.642857142857
3064,0.864549279213,0.714285714286
3065,0.911256432533,0.642857142857
3066,0.816440939903,0.714285714286
3067,0.959364771843,0.642857142857
3068,0.933675825596,0.642857142857
3069,0.842129826546,0.714285714286
3070,0.959364771843,0.642857142857
3071,0.816440939903,0.714285714286
3072,0.959364771843,0.642857142857
3073,0.816440939903,0.714285714286
3074,0.959364771843,0.642857142857
3075,0.933675825596,0.642857142857
3076,0.842129826546,0.714285714286
3077,0.933675825596,0.642857142857
3078,0.842129826546,0.714285714286
3079,0.959364771843,0.642857142857
3080,0.885567486286,0.642857142857
3081,0.89023822546,0.714285714286
3082,0.933675825596,0.642857142857
3083,0.848830580711,0.692307692308
3084,0.848830580711,0.692307692308
3085,0.848830580711,0.692307692308
3086,0.848830580711,0.692307692308
3087,0.848830580711,0.692307692308
3088,0.848830580711,0.692307692308
3089,0.848830580711,0.692307692308
3090,0.848830580711,0.692307692308
3091,0.848830580711,0.692307692308
3092,0.830576181412,0.692307692308
3093,0.848830580711,0.692307692308
3094,0.830576181412,0.692307692308
3095,0.845978319645,0.692307692308
3096,0.861950933933,0.692307692308
3097,0.845978319645,0.692307692308
3098,0.830576181412,0.692307692308
3099,0.880205333233,0.692307692308
3100,0.848830580711,0.692307692308
3101,0.878494024277,0.692307692308
3102,0.848830580711,0.692307692308
3103,0.878494024277,0.692307692308
3104,0.848830580711,0.692307692308
3105,0.878494024277,0.692307692308
3106,0.876212179661,0.692307692308
3107,0.848830580711,0.692307692308
3108,0.880205333233,0.692307692308
3109,0.876212179661,0.692307692308
3110,0.939532220364,0.615384615385
3111,0.876212179661,0.692307692308
3112,0.880205333233,0.692307692308
3113,0.838562488556,0.692307692308
3114,0.880205333233,0.692307692308
3115,0.876212179661,0.692307692308
3116,0.907586991787,0.692307692308
3117,0.848830580711,0.692307692308
3118,0.907586991787,0.692307692308
3119,0.848830580711,0.692307692308
3120,0.876212179661,0.692307692308
3121,0.880205333233,0.692307692308
3122,0.848830580711,0.692307692308
3123,0.907586991787,0.692307692308
3124,0.908157467842,0.615384615385
3125,0.907586991787,0.692307692308
3126,0.848830580711,0.692307692308
3127,0.907586991787,0.692307692308
3128,0.848830580711,0.692307692308
3129,0.880205333233,0.692307692308
3130,0.876212179661,0.692307692308
3131,0.939532220364,0.615384615385
3132,0.876212179661,0.692307692308
3133,0.848830580711,0.692307692308
3134,0.907586991787,0.692307692308
3135,0.848830580711,0.692307692308
3136,0.907586991787,0.692307692308
3137,0.848830580711,0.692307692308
3138,0.907586991787,0.692307692308
3139,0.848830580711,0.692307692308
3140,0.907586991787,0.692307692308
3141,0.848830580711,0.692307692308
3142,0.907586991787,0.692307692308
3143,0.876212179661,0.692307692308
3144,0.880205333233,0.692307692308
3145,0.876212179661,0.692307692308
3146,0.848830580711,0.692307692308
3147,0.907586991787,0.692307692308
3148,0.848830580711,0.692307692308
3149,0.907586991787,0.692307692308
3150,0.880205333233,0.692307692308
3151,0.876212179661,0.692307692308
3152,0.880205333233,0.692307692308
3153,0.876212179661,0.692307692308
3154,0.907586991787,0.692307692308
3155,0.848830580711,0.692307692308
3156,0.907586991787,0.692307692308
3157,0.848830580711,0.692307692308
3158,0.907586991787,0.692307692308
3159,0.848830580711,0.692307692308
3160,0.907586991787,0.692307692308
3161,0.876212179661,0.692307692308
3162,0.861950933933,0.692307692308
3163,0.876212179661,0.692307692308
3164,0.880205333233,0.692307692308
3165,0.876212179661,0.692307692308
3166,0.880205333233,0.692307692308
3167,0.907586991787,0.692307692308
3168,0.848830580711,0.692307692308
3169,0.907586991787,0.692307692308
3170,0.908157467842,0.615384615385
3171,0.880205333233,0.692307692308
3172,0.876212179661,0.692307692308
3173,0.878494024277,0.692307692308
3174,0.876212179661,0.692307692308
3175,0.880205333233,0.692307692308
3176,0.876212179661,0.692307692308
3177,0.880205333233,0.692307692308
3178,0.907586991787,0.692307692308
3179,0.876212179661,0.692307692308
3180,0.861950933933,0.692307692308
3181,0.876212179661,0.692307692308
3182,0.880205333233,0.692307692308
3183,0.876212179661,0.692307692308
3184,0.880205333233,0.692307692308
3185,0.876212179661,0.692307692308
3186,0.880205333233,0.692307692308
3187,0.876212179661,0.692307692308
3188,0.907586991787,0.692307692308
3189,0.880205333233,0.692307692308
3190,0.876212179661,0.692307692308
3191,0.880205333233,0.692307692308
3192,0.876212179661,0.692307692308
3193,0.880205333233,0.692307692308
3194,0.876212179661,0.692307692308
3195,0.880205333233,0.692307692308
3196,0.876212179661,0.692307692308
3197,0.907586991787,0.692307692308
3198,0.848830580711,0.692307692308
3199,0.907586991787,0.692307692308
3200,0.848830580711,0.692307692308
3201,0.907586991787,0.692307692308
3202,0.880205333233,0.692307692308
3203,0.876212179661,0.692307692308
3204,0.880205333233,0.692307692308
3205,0.876212179661,0.692307692308
3206,0.880205333233,0.692307692308
3207,0.876212179661,0.692307692308
3208,0.907586991787,0.692307692308
3209,0.848830580711,0.692307692308
3210,0.907586991787,0.692307692308
3211,0.73131775856,0.769230769231
3212,0.907586991787,0.692307692308
3213,0.848830580711,0.692307692308
3214,0.907586991787,0.692307692308
3215,0.848830580711,0.692307692308
3216,0.907586991787,0.692307692308
3217,0.880205333233,0.692307692308
3218,0.876212179661,0.692307692308
3219,0.907586991787,0.692307692308
3220,0.848830580711,0.692307692308
3221,0.907586991787,0.692307692308
3222,0.848830580711,0.692307692308
3223,0.907586991787,0.692307692308
3224,0.830576181412,0.692307692308
3225,0.907586991787,0.692307692308
3226,0.838562488556,0.692307692308
3227,0.877353131771,0.692307692308
3228,0.876212179661,0.692307692308
3229,0.880205333233,0.692307692308
3230,0.876212179661,0.692307692308
3231,0.880205333233,0.692307692308
3232,0.907586991787,0.692307692308
3233,0.848830580711,0.692307692308
3234,0.907586991787,0.692307692308
3235,0.880205333233,0.692307692308
3236,0.876212179661,0.692307692308
3237,0.813462615013,0.692307692308
3238,0.907586991787,0.692307692308
3239,0.848830580711,0.692307692308
3240,0.870769202709,0.75
3241,0.836923062801,0.75
3242,0.870769202709,0.666666666667
3243,0.836923062801,0.666666666667
3244,0.870769202709,0.75
3245,0.768000006676,0.833333333333
3246,0.915692329407,0.75
3247,0.768000006676,0.833333333333
3248,0.817230761051,0.75
3249,0.866461515427,0.75
3250,0.836923062801,0.75
3251,0.884307682514,0.75
3252,0.768000006676,0.833333333333
3253,0.884307682514,0.75
3254,0.768000006676,0.833333333333
3255,0.870769202709,0.75
3256,0.864000022411,0.75
3257,0.836923062801,0.75
3258,0.915692329407,0.75
3259,0.768000006676,0.833333333333
3260,0.915692329407,0.75
3261,0.768000006676,0.833333333333
3262,0.915692329407,0.75
3263,0.768000006676,0.833333333333
3264,0.915692329407,0.75
3265,0.768000006676,0.833333333333
3266,0.870769202709,0.75
3267,0.864000022411,0.75
3268,0.9347692132,0.666666666667
3269,0.900923073292,0.666666666667
3270,0.864000022411,0.666666666667
3271,0.884307682514,0.75
3272,0.825846135616,0.75
3273,0.832615375519,0.75
3274,0.9347692132,0.666666666667
3275,0.832615375519,0.75
3276,0.915692329407,0.75
3277,0.881846129894,0.75
3278,0.801846146584,0.833333333333
3279,0.881846129894,0.75
3280,0.801846146584,0.833333333333
3281,0.881846129894,0.75
3282,0.768000006676,0.833333333333
3283,0.915692329407,0.75
3284,0.836923062801,0.75
3285,0.897846162319,0.75
3286,0.836923062801,0.75
3287,0.897846162319,0.75
3288,0.881846129894,0.75
3289,0.883076906204,0.75
3290,0.864000022411,0.75
3291,0.881846129894,0.75
3292,0.782153844833,0.833333333333
3293,0.881846129894,0.75
3294,0.870769202709,0.666666666667
3295,0.832000017166,0.75
3296,0.884307682514,0.75
3297,0.832000017166,0.75
3298,0.915692329407,0.75
3299,0.729846179485,0.833333333333
3300,0.915692329407,0.75
3301,0.798769235611,0.75
3302,0.864000022411,0.75
3303,0.832615375519,0.75
3304,0.864000022411,0.75
3305,0.9347692132,0.666666666667
3306,0.915692329407,0.75
3307,0.866461515427,0.75
3308,0.883076906204,0.75
3309,0.897846162319,0.75
3310,0.915692329407,0.75
3311,0.817230761051,0.666666666667
3312,0.897846162319,0.75
3313,0.817230761051,0.75
3314,0.768000006676,0.833333333333
3315,0.915692329407,0.75
3316,0.832000017166,0.75
3317,0.915692329407,0.75
3318,0.836923062801,0.75
3319,0.897846162319,0.75
3320,0.881846129894,0.75
3321,0.866461515427,0.75
3322,0.849230766296,0.75
3323,0.915692329407,0.666666666667
3324,0.774769246578,0.833333333333
3325,0.836923062801,0.75
3326,0.897846162319,0.75
3327,0.836923062801,0.75
3328,0.897846162319,0.75
3329,0.836923062801,0.75
3330,0.9347692132,0.666666666667
3331,0.897846162319,0.75
3332,0.836923062801,0.666666666667
3333,0.897846162319,0.75
3334,0.881846129894,0.75
3335,0.884307682514,0.75
3336,0.864000022411,0.75
3337,0.884307682514,0.75
3338,0.897846162319,0.75
3339,0.851076900959,0.75
3340,0.915692329407,0.75
3341,0.768000006676,0.833333333333
3342,0.9347692132,0.666666666667
3343,0.864000022411,0.75
3344,0.870769202709,0.75
3345,0.836923062801,0.666666666667
3346,0.864000022411,0.75
3347,0.870769202709,0.75
3348,0.831384599209,0.75
3349,0.832615375519,0.75
3350,0.881846129894,0.75
3351,0.865846157074,0.75
3352,0.851076900959,0.75
3353,0.897846162319,0.75
3354,0.851076900959,0.75
3355,0.915692329407,0.75
3356,0.801846146584,0.833333333333
3357,0.881846129894,0.75
3358,0.801846146584,0.833333333333
3359,0.881846129894,0.75
3360,0.801846146584,0.833333333333
3361,0.836923062801,0.75
3362,0.897846162319,0.75
3363,0.881846129894,0.75
3364,0.9347692132,0.666666666667
3365,0.864000022411,0.75
3366,0.881846129894,0.75
3367,0.915692329407,0.75
3368,0.864000022411,0.75
3369,0.884307682514,0.75
3370,0.768000006676,0.833333333333
3371,0.884307682514,0.75
3372,0.864000022411,0.75
3373,0.870769202709,0.75
3374,0.881846129894,0.75
3375,0.831384599209,0.75
3376,0.915692329407,0.75
3377,0.864000022411,0.75
3378,0.884307682514,0.75
3379,0.915692329407,0.75
3380,0.832615375519,0.75
3381,0.915692329407,0.75
3382,0.831384599209,0.75
3383,0.915692329407,0.75
3384,0.881846129894,0.666666666667
3385,0.78937381506,0.818181818182
3386,0.824161946774,0.818181818182
3387,0.848829865456,0.727272727273
3388,0.78937381506,0.818181818182
3389,0.812776744366,0.818181818182
3390,0.824161946774,0.818181818182
3391,0.812776744366,0.818181818182
3392,0.961997032166,0.777777777778
3393,0.961997032166,0.888888888889
3394,0.904306232929,1.0
3395,0.980049848557,1.14285714286
3396,1.0,0.5
3397,1.0,1.5
3398,0.921630084515,2.5
